종가,저가,고가,시가,MA5,WMA,PER,foreign_보유수량,MA20
53000,52440,53640,53380,51580.0,51648.72727272727,16.78,66883763,50022.0
51900,51800,53900,53000,51580.0,51740.0,8.65,3389738000,50190.0
52600,51900,53200,52600,52008.0,51930.181818181816,8.77,3388514370,50414.0
50900,50900,52800,52600,52108.0,51763.63636363636,8.49,3389966037,50613.0
51600,50600,51700,51700,52000.0,51732.72727272727,8.6,3388367976,50756.0
51300,51200,52200,52000,51660.0,51668.72727272727,8.55,3387354337,50901.0
50100,49900,51100,51000,51300.0,51392.36363636364,8.35,3387567715,50946.0
49200,49100,50400,50200,50620.0,50985.09090909091,8.2,3385266256,50962.0
49850,49150,50200,49200,50410.0,50718.90909090909,8.31,3384136530,51011.5
49400,49400,50500,50300,49970.0,50380.90909090909,8.24,3385554977,51031.5
49500,49350,49900,49900,49610.0,50110.90909090909,8.25,3383277622,51016.5
50000,49100,50200,49650,49590.0,49995.454545454544,8.34,3382559228,50999.5
51800,50400,52000,50600,50110.0,50241.81818181818,8.64,3382369713,51090.5
51400,51100,52000,52000,50420.0,50430.0,8.57,3383011852,51092.5
52700,50800,52800,51000,51080.0,50845.454545454544,8.79,3382263326,51088.5
52300,52000,53000,52500,51640.0,51168.181818181816,8.72,3386553527,51122.5
51300,51300,52500,52200,51900.0,51290.90909090909,8.55,3386831634,51092.5
49500,49100,51500,51300,51440.0,51064.545454545456,8.25,3386404063,51044.5
50700,49850,50800,50400,51300.0,51050.90909090909,8.45,3381473413,51059.5
51300,49950,51700,50500,51020.0,51130.90909090909,8.55,3404215078,51017.5
51100,50700,51200,50800,50780.0,51140.0,8.52,3405723291,50922.5
51300,50400,51400,51100,50780.0,51156.36363636364,8.55,3406765955,50892.5
50600,50500,51800,51800,51000.0,51021.81818181818,8.44,3407892397,50792.5
49650,49600,50400,50200,50790.0,50736.36363636364,8.28,3406783024,50730.0
49900,49350,50300,49750,50510.0,50528.181818181816,8.32,3404740720,50645.0
49400,49250,49800,49700,50170.0,50280.0,8.24,3402677344,50550.0
48200,48200,49000,49000,49550.0,49866.36363636364,8.04,3401284162,50455.0
47650,47650,48700,48500,48960.0,49409.09090909091,7.95,3395277427,50377.5
46600,46200,47650,47600,48350.0,48794.545454545456,7.77,3389440966,50215.0
47000,46500,47350,47200,47770.0,48327.27272727273,7.84,3386155189,50095.0
47000,46850,47600,47450,47290.0,47938.181818181816,7.84,3385161324,49970.0
47050,47050,47900,47900,47060.0,47632.72727272727,7.85,3382945254,49822.5
47250,46200,47250,47000,46980.0,47440.90909090909,7.88,3383045834,49595.0
46650,46150,47050,47050,46990.0,47200.90909090909,7.78,3382142120,49357.5
47000,45900,47300,45900,46990.0,47079.09090909091,7.84,3380312410,49072.5
47950,47000,48500,47450,47180.0,47182.72727272727,8.0,3379910348,48855.0
46800,46600,47150,46850,47130.0,47103.63636363636,7.8,3382188811,48630.0
46650,46200,47150,46250,47010.0,47022.72727272727,7.78,3378102918,48487.5
45550,45500,47150,46500,46790.0,46760.0,7.6,3377537395,48230.0
46150,45750,46450,45750,46620.0,46625.454545454544,7.7,3375551677,47972.5
46250,46050,47050,46700,46280.0,46524.545454545456,7.71,3376382355,47730.0
45950,45600,46550,46100,46110.0,46382.72727272727,7.66,3376897215,47462.5
44900,44650,45850,45500,45760.0,46070.0,7.49,3375435269,47177.5
45600,45200,46100,45500,45770.0,45927.27272727273,7.6,3369890183,46975.0
46300,46100,46550,46200,45800.0,45930.90909090909,7.72,3368989015,46795.0
46000,45400,46450,46400,45750.0,45892.72727272727,7.67,3370249694,46625.0
45500,45450,46250,45900,45660.0,45799.09090909091,7.59,3370029066,46490.0
46500,45750,46500,45800,45980.0,45910.90909090909,7.75,3369451426,46432.5
46050,46000,46800,46800,46070.0,45943.63636363636,7.68,3369563662,46405.0
45850,45600,46200,46150,45980.0,45930.90909090909,7.65,3368840475,46347.5
46550,46450,47200,46700,46090.0,46050.90909090909,7.76,3367475369,46325.0
46900,46600,47200,47050,46370.0,46229.09090909091,7.82,3368890079,46317.5
47450,46700,47600,47000,46560.0,46490.0,7.91,3369813655,46327.5
46500,46150,47200,47100,46650.0,46531.81818181818,7.75,3371001313,46320.0
46150,45950,46600,46350,46710.0,46493.63636363636,7.7,3370099675,46277.5
46150,45900,46550,46250,46630.0,46458.181818181816,7.7,3369027711,46187.5
46900,46000,47000,46100,46630.0,46556.36363636364,7.82,3367886029,46192.5
46900,46450,47000,46450,46520.0,46629.09090909091,7.82,3368860315,46205.0
46500,46350,46800,46550,46520.0,46621.81818181818,7.75,3369046094,46252.5
46250,46000,46450,46200,46540.0,46560.90909090909,7.71,3369380476,46257.5
46550,46050,46850,46050,46620.0,46547.27272727273,7.76,3368203304,46272.5
45550,45500,46800,46550,46350.0,46351.81818181818,7.6,3369099867,46252.5
45750,45450,45900,45850,46120.0,46217.27272727273,7.63,3368724541,46295.0
45800,45750,46150,46150,45980.0,46122.72727272727,7.64,3368569075,46305.0
46700,45900,46750,46300,46070.0,46204.545454545456,7.79,3370098060,46325.0
46800,46550,47000,47000,46120.0,46294.545454545456,7.8,3372278357,46365.0
46900,46450,47050,47000,46390.0,46390.90909090909,7.82,3373527482,46435.0
45400,44850,46400,46150,46320.0,46214.545454545456,7.57,3371256006,46380.0
45050,44650,45100,44950,46170.0,46001.81818181818,7.51,3369666181,46330.0
45150,44850,45400,44850,45860.0,45833.63636363636,7.53,3369228099,46295.0
44250,43700,44650,43800,45350.0,45521.81818181818,7.38,3369385947,46180.0
44100,44050,44400,44050,44790.0,45224.545454545456,7.35,3367614485,46040.0
43850,43500,44200,43500,44480.0,44908.181818181816,7.31,3368039417,45860.0
44800,43700,44900,43700,44430.0,44799.09090909091,7.47,3366536592,45775.0
46100,44900,46200,45150,44620.0,44944.545454545456,7.69,3365907848,45772.5
46200,45700,46200,46150,45010.0,45119.09090909091,7.7,3369768421,45775.0
46150,45550,46400,45900,45420.0,45295.454545454544,7.7,3370529731,45737.5
46300,46000,46550,46100,45910.0,45512.72727272727,7.72,3371138294,45707.5
46550,46300,46950,46800,46260.0,45759.09090909091,7.76,3372090402,45710.0
46800,46400,46800,46750,46400.0,46023.63636363636,7.8,3372883955,45737.5
47650,46700,47950,46950,46690.0,46412.72727272727,7.95,3374259458,45792.5
48450,47000,48450,47100,47150.0,46885.454545454544,8.08,3379251638,45937.5
47450,47300,48300,48200,47380.0,47097.27272727273,7.91,3382068334,46022.5
47650,47200,47800,47550,47600.0,47280.0,7.95,3380222198,46115.0
46600,46400,47450,47300,47560.0,47220.0,7.77,3380977045,46110.0
46100,45800,46400,46200,47250.0,47060.0,7.69,3380694635,46075.0
44900,44400,45200,44500,46540.0,46683.63636363636,7.49,3380025689,45975.0
45500,45000,45550,45450,46150.0,46439.09090909091,7.59,3372661736,45980.0
45050,45050,45900,45550,45630.0,46127.27272727273,7.51,3374818127,45980.0
44550,44500,45100,44900,45220.0,45751.81818181818,7.43,3373897729,45950.0
44050,44000,44750,44550,44810.0,45326.36363636364,7.35,3370397660,45940.0
45850,44900,45850,45000,45000.0,45293.63636363636,7.65,3362098970,46027.5
45150,44900,45800,45550,44930.0,45180.90909090909,7.53,3364607625,46092.5
45500,44700,45900,44950,45020.0,45173.63636363636,7.59,3365281152,46127.5
46150,45700,46200,46000,45340.0,45323.63636363636,7.7,3366052283,46130.0
47250,46400,47600,46850,45980.0,45681.81818181818,7.88,3368181328,46182.5
47400,46550,47550,46550,46290.0,46046.36363636364,7.9,3372906662,46245.0
47500,46450,47500,46950,46760.0,46383.63636363636,7.92,3373181559,46305.0
46450,46300,47250,47250,46950.0,46493.63636363636,7.75,3376771718,46300.0
46350,45800,46800,46450,46990.0,46560.0,7.73,3374874038,46277.5
45700,45700,46700,46450,46680.0,46475.454545454544,7.62,3375339099,46180.0
44700,44700,45600,45150,46140.0,46179.09090909091,7.45,3375226579,45992.5
44700,44550,45500,44800,45580.0,45903.63636363636,7.45,3370670893,45855.0
44950,44200,45200,44200,45280.0,45681.81818181818,7.5,3368411424,45720.0
45300,44500,45500,45250,45070.0,45533.63636363636,7.55,3367857918,45655.0
43100,43100,44650,44000,44550.0,45000.90909090909,7.19,3368375388,45505.0
44000,43200,44650,43200,44410.0,44707.27272727273,7.34,3362264356,45460.0
43800,43350,44050,44050,44230.0,44439.09090909091,7.3,3363815972,45375.0
43600,43350,44150,43700,43960.0,44201.81818181818,7.27,3365513941,45302.5
44150,44000,44500,44150,43730.0,44116.36363636364,7.36,3366147302,45282.5
44050,43700,44450,43950,43920.0,44052.72727272727,7.35,3367157272,45282.5
43900,43450,44150,43900,43900.0,43991.81818181818,7.32,3368716870,45185.0
43550,43200,43950,43450,43850.0,43881.81818181818,7.26,3367438183,45105.0
43050,42550,43450,43300,43740.0,43701.81818181818,7.18,3367058905,44982.5
42550,42250,43100,43050,43420.0,43465.454545454544,7.1,3365744444,44802.5
41000,40550,41550,40600,42810.0,42997.27272727273,6.84,3362373111,44490.0
41000,40400,41300,41100,42230.0,42567.27272727273,6.84,3355759560,44170.0
41400,40550,41950,40850,41800.0,42264.545454545456,6.9,3353945023,43865.0
42350,41000,43000,41400,41660.0,42178.181818181816,7.06,3352268962,43660.0
42400,41700,43350,42900,41630.0,42123.63636363636,7.07,3350942487,43462.5
42150,42150,42950,42450,41860.0,42055.454545454544,7.03,3351505930,43285.0
44150,42800,44250,43050,42490.0,42385.454545454544,7.36,3353388681,43257.5
43800,42900,43800,43750,42970.0,42647.27272727273,7.3,3356730418,43212.5
43750,42950,43800,43750,43250.0,42895.454545454544,7.3,3358510653,43152.5
44000,43400,44500,43600,43570.0,43176.36363636364,7.34,3358855574,43087.5
44050,44050,45050,44900,43950.0,43440.0,7.35,3359363071,43135.0
44300,43900,44850,44450,43980.0,43693.63636363636,7.39,3360650150,43150.0
45200,43700,45250,43850,44260.0,44050.90909090909,7.54,3361543160,43220.0
44500,43400,44500,43900,44410.0,44211.81818181818,7.42,3363406667,43265.0
44100,43800,44500,44500,44430.0,44260.90909090909,7.35,3360471009,43262.5
44250,43500,44350,44050,44470.0,44306.36363636364,7.38,3359528649,43272.5
44000,43700,44750,44600,44410.0,44268.181818181816,7.34,3358895161,43277.5
43650,43450,44250,44050,44100.0,44169.09090909091,7.28,3358376548,43282.5
42800,42100,43000,42450,43760.0,43918.181818181816,7.14,3357253845,43270.0
42100,41800,42300,41800,43360.0,43557.27272727273,7.02,3354488490,43247.5
42450,42000,42650,42000,43000.0,43294.545454545456,7.08,3351410310,43320.0
42400,41900,42600,42450,42680.0,43051.81818181818,7.07,3350290936,43390.0
42600,42100,42800,42150,42470.0,42880.0,7.1,3349789638,43450.0
43050,42500,43100,42900,42520.0,42837.27272727273,7.18,3347322003,43485.0
43150,42750,43200,42800,42730.0,42839.09090909091,7.2,3347829134,43522.5
43150,42900,43850,43850,42870.0,42858.181818181816,7.2,3347252137,43572.5
41850,41750,44000,43450,42760.0,42660.90909090909,6.98,3347117037,43457.5
43250,42400,43400,42750,42890.0,42757.27272727273,7.21,3345263055,43430.0
42150,41900,42900,42650,42710.0,42660.90909090909,7.03,3348680965,43350.0
41450,40850,41750,40900,42370.0,42449.09090909091,6.91,3345682457,43222.5
40500,40450,41100,40600,41840.0,42076.36363636364,6.75,3340561657,43045.0
40950,40850,41400,40900,41660.0,41820.90909090909,6.83,3334358815,42877.5
40200,40000,40650,40450,41050.0,41455.454545454544,6.7,3333777084,42627.5
40250,40200,40700,40600,40670.0,41142.72727272727,6.71,3328687262,42415.0
40450,40150,40700,40250,40470.0,40917.27272727273,6.75,3328592186,42232.5
40000,40000,40750,40650,40370.0,40659.09090909091,6.67,3326558207,42020.0
38950,38700,40200,40200,39970.0,40267.27272727273,6.49,3327187106,41767.5
39150,38650,39600,38650,39760.0,39964.545454545456,6.53,3325484406,41542.5
38900,38300,39200,38300,39490.0,39690.90909090909,6.49,3325426333,41347.5
39100,38850,39350,38900,39220.0,39512.72727272727,6.52,3322571116,41197.5
38650,38500,39100,38600,38950.0,39295.454545454544,6.44,3320817503,41007.5
38650,38100,38650,38200,38890.0,39111.81818181818,6.44,3321207683,40820.0
38800,38300,39050,38500,38820.0,38997.27272727273,6.47,3316542392,40630.0
38350,38300,38750,38400,38710.0,38826.36363636364,6.39,3317382272,40395.0
38250,38100,38800,38700,38540.0,38671.81818181818,6.38,3313841197,40150.0
38700,38200,38900,38250,38550.0,38639.09090909091,6.45,3315501801,39927.5
38750,38550,39400,39400,38570.0,38639.09090909091,6.46,3318291327,39772.5
37600,37450,38550,38300,38330.0,38433.63636363636,6.27,3319573281,39490.0
37450,36850,37600,37450,38150.0,38229.09090909091,6.24,3321405841,39255.0
38750,37800,38900,38000,38250.0,38287.27272727273,6.46,3322734902,39120.0
38100,37950,39200,38000,38130.0,38233.63636363636,6.35,3324331866,39000.0
39600,38300,39600,38650,38300.0,38462.72727272727,6.6,3323035975,38932.5
39800,39600,40150,40000,38740.0,38710.90909090909,6.64,3325913645,38912.5
40500,39950,40550,40350,39350.0,39068.181818181816,6.75,3329580929,38925.0
40050,39850,40700,40450,39610.0,39304.545454545456,6.68,3332302667,38905.0
41100,39850,41100,40050,40210.0,39699.09090909091,6.85,3333854037,38960.0
41450,40700,41450,41150,40580.0,40113.63636363636,6.91,3335885695,39085.0
41950,41450,42100,41700,41010.0,40570.0,7.0,3337203191,39225.0
42300,41950,42400,42000,41370.0,41010.90909090909,7.05,3340441611,39395.0
42750,41900,42750,42700,41910.0,41445.454545454544,7.13,3341712761,39577.5
42150,41850,42850,42750,42120.0,41698.181818181816,7.03,3343433656,39752.5
42000,41350,42250,41350,42230.0,41850.0,7.0,3344034574,39920.0
43050,42350,43100,43050,42450.0,42149.09090909091,7.18,3341872643,40132.5
44750,43750,44750,44300,42940.0,42698.181818181816,7.46,3347801954,40452.5
45050,44600,45500,45000,43400.0,43224.545454545456,7.51,3356601247,40792.5
45500,44350,45500,45050,44070.0,43741.81818181818,7.59,3364272213,41132.5
46400,44800,46400,44800,44950.0,44342.72727272727,7.74,3368092322,41515.0
46150,46150,47050,46650,45570.0,44808.181818181816,7.7,3372569491,41942.5
46350,46250,46950,46650,45890.0,45233.63636363636,7.73,3379901724,42387.5
46200,46200,47100,46800,46120.0,45558.181818181816,7.7,3382827656,42760.0
44800,44650,45700,45700,45980.0,45565.454545454544,7.47,3384372951,43095.0
45000,44250,45000,44500,45700.0,45560.90909090909,7.5,3381221828,43365.0
46050,44650,46250,44650,45680.0,45692.72727272727,7.68,3381853886,43677.5
46200,46000,46700,46400,45650.0,45797.27272727273,7.7,3383655371,43962.5
47500,46150,47500,46600,45910.0,46111.81818181818,7.92,3383732849,44335.0
46050,45650,46850,46750,46160.0,46118.181818181816,7.68,3386612452,44582.5
46200,45850,46850,46500,46400.0,46141.81818181818,7.7,3385431530,44820.0
45950,45450,46150,45850,46380.0,46123.63636363636,7.66,3384826521,45020.0
46900,46500,47100,46750,46520.0,46281.81818181818,7.82,3383612607,45250.0
46950,46200,47200,46500,46410.0,46439.09090909091,7.83,3386552931,45460.0
47150,46450,47150,46500,46630.0,46619.09090909091,7.86,3388236522,45710.0
47350,47050,47550,47400,46860.0,46792.72727272727,7.9,3388689578,45977.5
46750,46500,47450,47350,47020.0,46814.545454545456,7.8,3390130697,46162.5
46750,46750,47250,47000,46990.0,46823.63636363636,7.8,3391161899,46262.5
45100,45100,46500,46400,46620.0,46522.72727272727,7.52,3391763111,46265.0
44850,44800,46100,46000,46160.0,46220.0,7.48,3390127361,46232.5
44250,44150,45100,44600,45540.0,45830.0,7.38,3388050965,46125.0
44000,43700,44300,44000,44990.0,45430.0,7.34,3386773059,46017.5
44450,43400,44950,43400,44530.0,45147.27272727273,7.41,3387224821,45922.5
43800,43800,44800,44450,44270.0,44790.90909090909,7.3,3388510271,45802.5
43650,43650,44450,44400,44030.0,44464.545454545456,7.28,3388001716,45745.0
44650,44150,44950,44300,44110.0,44383.63636363636,7.45,3386557046,45727.5
43850,43700,44450,44250,44080.0,44206.36363636364,7.31,3389399458,45617.5
43850,43550,44300,43700,43960.0,44081.81818181818,7.31,3389790269,45500.0
44200,43700,44250,43800,44040.0,44073.63636363636,7.37,3389051273,45335.0
43700,43450,44150,43950,44050.0,43990.90909090909,7.29,3385565698,45217.5
43900,43550,43900,43750,43900.0,43965.454545454544,7.32,3382971194,45102.5
44050,43100,44200,43800,43940.0,43973.63636363636,7.35,3384166210,45007.5
45850,44050,46250,44600,44340.0,44308.181818181816,7.65,3383375461,44955.0
46550,46250,47000,46850,44810.0,44744.545454545456,7.76,3388401264,44935.0
45500,44800,45650,45300,45170.0,44940.0,7.59,3391288594,44852.5
45250,44900,45700,45500,45440.0,45056.36363636364,7.55,3392267377,44747.5
45350,44250,45600,44750,45700.0,45180.0,7.56,3392976741,44677.5
44850,44300,45200,44950,45500.0,45185.454545454544,7.48,3391876617,44582.5
44650,44200,44900,44500,45120.0,45136.36363636364,7.45,3392698121,44560.0
45050,44850,45450,45200,45030.0,45151.81818181818,7.51,3392054712,44570.0
45750,45350,46100,45550,45130.0,45270.0,7.63,3392279209,44645.0
46600,45800,46750,46750,45380.0,45509.09090909091,7.77,3395689180,44775.0
46950,46150,47100,46150,45800.0,45765.454545454544,7.83,3399982078,44900.0
46850,46600,47550,46950,46240.0,45983.63636363636,7.81,3402746911,45052.5
46650,46150,47250,47250,46560.0,46160.0,7.78,3404582804,45202.5
46650,46200,46950,46700,46740.0,46315.454545454544,7.78,3406702855,45302.5
46700,46050,46700,46400,46760.0,46454.545454545456,7.79,3409610830,45445.0
46250,46150,46800,46700,46620.0,46487.27272727273,7.71,3408906600,45565.0
46850,46000,46900,46050,46620.0,46603.63636363636,7.81,3410773450,45697.5
47050,47000,47500,47150,46700.0,46716.36363636364,7.85,3412569100,45865.0
47250,46800,47400,47400,46820.0,46829.09090909091,7.88,3414649076,46032.5
47050,47000,47600,47300,46890.0,46878.181818181816,7.85,3416531070,46182.5
45600,45500,47250,47200,46760.0,46655.454545454544,7.6,3417667977,46170.0
45300,45250,46000,45750,46450.0,46402.72727272727,7.55,3414976379,46107.5
45350,45100,45900,45400,46110.0,46187.27272727273,7.56,3412476407,46100.0
45200,45000,45500,45050,45700.0,45968.181818181816,7.54,3413898076,46097.5
44750,44150,45650,45400,45240.0,45693.63636363636,7.46,3415408267,46067.5
44650,44100,45000,44250,45050.0,45436.36363636364,7.45,3416920250,46057.5
44850,43800,45000,44200,44960.0,45244.545454545456,7.48,3416113336,46067.5
46150,45100,46150,45150,45120.0,45325.454545454544,7.7,3416887131,46122.5
45850,45350,46300,46000,45250.0,45368.181818181816,7.65,3417826022,46127.5
45900,45400,46150,45500,45480.0,45445.454545454544,7.1,3421673121,46092.5
45300,45300,46050,45900,45610.0,45434.545454545456,7.01,3420571255,46010.0
44850,44400,45300,45250,45610.0,45347.27272727273,6.94,3422455929,45910.0
44250,44200,44850,44300,45230.0,45159.09090909091,6.85,3420515111,45790.0
42450,42450,44250,43900,44550.0,44663.63636363636,6.57,3419182962,45580.0
42900,42450,43450,42600,43950.0,44300.0,6.64,3417827764,45390.0
42650,42350,43200,42500,43420.0,43924.545454545456,6.6,3415190679,45210.0
42650,41300,43100,41300,42980.0,43585.454545454544,6.6,3414653131,45000.0
42550,42550,43050,42700,42640.0,43268.181818181816,6.59,3412492720,44775.0
41550,41350,42400,42350,42460.0,42834.545454545456,6.43,3411872485,44490.0
41200,40850,42050,41950,42120.0,42415.454545454544,6.38,3408102321,44197.5
42000,41550,42100,41650,41990.0,42227.27272727273,6.5,3407217738,44017.5
43150,42350,43950,42600,42090.0,42308.181818181816,6.68,3409177977,43910.0
43500,42400,43800,43700,42280.0,42483.63636363636,6.73,3411183937,43817.5
43850,43250,44000,43900,42740.0,42736.36363636364,6.79,3413133103,43750.0
42700,42400,43800,43800,43040.0,42754.545454545456,6.61,3416252764,43647.5
42650,42350,43000,42500,43170.0,42767.27272727273,6.6,3414221866,43547.5
42550,42150,42950,42550,43050.0,42761.81818181818,6.59,3412885618,43432.5
41800,41300,42100,41850,42710.0,42621.81818181818,6.47,3408106829,43215.0
42550,42150,42700,42200,42450.0,42631.81818181818,6.59,3405894422,43050.0
42500,42150,42800,42600,42410.0,42614.545454545456,6.58,3409987715,42880.0
43800,42500,43900,42950,42640.0,42810.0,6.78,3407482602,42805.0
43450,43000,43700,43400,42820.0,42909.09090909091,6.72,3410036097,42735.0
43900,43700,44200,44050,43240.0,43084.545454545456,6.79,3407705402,42717.5
44200,43450,44350,43600,43570.0,43307.27272727273,6.84,3406003073,42805.0
44800,44050,44850,44300,44030.0,43632.72727272727,6.93,3407738935,42900.0
44850,44550,45000,44800,44240.0,43929.09090909091,6.94,3408334043,43010.0
44600,44300,45050,44800,44470.0,44140.0,6.9,3408906488,43107.5
43750,43400,44400,44200,44440.0,44159.09090909091,6.77,3408769906,43167.5
44000,43300,44150,43750,44400.0,44188.181818181816,6.81,3408518953,43290.0
43900,43400,44050,43750,44220.0,44172.72727272727,6.79,3409078526,43425.0
44350,43650,44500,43750,44120.0,44213.63636363636,6.86,3407966421,43542.5
45350,45000,45450,45450,44270.0,44426.36363636364,7.02,3408463772,43652.5
45500,44850,45500,44850,44620.0,44631.81818181818,7.04,3411420144,43752.5
45700,45200,45800,45750,44960.0,44844.545454545456,7.07,3411437620,43845.0
45500,45200,45800,45200,45280.0,44993.63636363636,7.04,3412134954,43985.0
45600,45200,45800,45200,45530.0,45148.181818181816,7.06,3411048165,44132.5
45700,45600,46000,45800,45600.0,45307.27272727273,7.07,3411521385,44290.0
46500,45750,46600,46000,45800.0,45591.81818181818,7.2,3409402213,44525.0
47000,46700,47000,47000,46060.0,45917.27272727273,7.27,3411981118,44747.5
46600,46250,47400,47350,46280.0,46115.454545454544,7.21,3419029386,44952.5
46250,45850,46900,46200,46410.0,46200.90909090909,7.16,3421415858,45075.0
45400,45200,46350,45750,46350.0,46097.27272727273,7.03,3423634907,45172.5
46000,45250,46200,45250,46250.0,46101.81818181818,7.12,3424503636,45277.5
45650,45250,45950,45950,45980.0,46033.63636363636,7.07,3425388288,45350.0
44400,44350,44800,44750,45540.0,45739.09090909091,6.87,3425422572,45330.0
45100,44700,45450,44850,45310.0,45591.81818181818,6.98,3426012722,45342.5
45550,45500,46150,45550,45340.0,45535.454545454544,7.05,3428339536,45390.0
46200,46150,46550,46350,45380.0,45600.0,7.15,3435184069,45512.5
46300,45800,46400,46350,45510.0,45688.181818181816,7.17,3439134167,45627.5
46450,45750,46650,45950,45920.0,45816.36363636364,7.19,3441319933,45755.0
46850,46300,46850,46450,46270.0,46020.0,7.25,3442425070,45880.0
46050,45950,46350,46150,46370.0,46067.27272727273,7.13,3444523535,45915.0
46100,45650,46450,46450,46350.0,46111.81818181818,7.14,3445022864,45945.0
46800,46600,46950,46650,46450.0,46281.81818181818,7.24,3445956672,46000.0
47200,46600,47300,46800,46600.0,46503.63636363636,7.31,3446664156,46085.0
47300,47050,47550,47350,46690.0,46692.72727272727,7.32,3450598786,46170.0
46400,46250,47150,47100,46760.0,46678.181818181816,7.18,3451967138,46205.0
47200,46600,47200,47150,46980.0,46793.63636363636,7.31,3452755207,46240.0
47150,46550,47150,46650,47050.0,46881.81818181818,7.3,3455269822,46247.5
46100,46000,47050,46800,46830.0,46763.63636363636,7.14,3456483700,46222.5
46550,46300,46850,46300,46680.0,46733.63636363636,7.2,3462021569,46237.5
45350,45000,46600,46200,46470.0,46490.90909090909,7.02,3462996814,46235.0
45200,44850,45500,44900,46070.0,46233.63636363636,7.0,3461694732,46195.0
44950,44300,45500,44550,45630.0,45947.27272727273,6.96,3453540100,46160.0
43950,43600,44600,44350,45200.0,45512.72727272727,6.8,3451445300,46137.5
43500,42500,43800,42500,44590.0,45055.454545454544,6.73,3448050226,46057.5
43200,43100,43900,43600,44160.0,44612.72727272727,6.69,3442958090,45940.0
42650,42650,43500,43250,43650.0,44128.181818181816,6.6,3441528988,45762.5
43150,43050,43350,43250,43290.0,43817.27272727273,6.68,3439417620,45605.0
43700,43550,44000,44000,43240.0,43679.09090909091,6.76,3438760843,45467.5
43000,42950,43500,43500,43140.0,43457.27272727273,6.66,3438419775,45275.0
43700,43500,44250,43900,43240.0,43427.27272727273,6.76,3435348517,45157.5
43900,43300,43900,43800,43490.0,43463.63636363636,6.79,3436379938,45047.5
43600,43500,44350,44350,43580.0,43469.09090909091,6.75,3436000880,44887.5
44450,43550,44600,43950,43730.0,43653.63636363636,6.88,3433651503,44750.0
44500,44150,44800,44350,44030.0,43838.181818181816,6.89,3433402846,44610.0
44050,43850,44700,44500,44100.0,43922.72727272727,6.82,3432663035,44492.5
43950,43650,44200,43800,44110.0,43973.63636363636,6.8,3432518304,44330.0
43600,42950,43800,43050,44110.0,43937.27272727273,6.75,3432186660,44152.5
44050,43600,44200,43650,44030.0,43974.545454545456,6.82,3432179498,44050.0
44150,43750,44400,44100,43960.0,44023.63636363636,6.83,3430931255,43930.0
43400,43050,44200,44200,43830.0,43915.454545454544,6.72,3431073303,43832.5
44000,43750,44300,43750,43840.0,43921.81818181818,6.81,3428751208,43772.5
43800,43650,44850,44850,43880.0,43890.0,6.78,3426651811,43715.0
43250,43100,43650,43550,43720.0,43754.545454545456,6.69,3426723282,43680.0
44100,43150,44100,43250,43710.0,43795.454545454544,6.83,3422269559,43710.0
45700,44450,46100,44800,44170.0,44134.545454545456,7.07,3418938567,43835.0
46300,45850,46500,46500,44630.0,44552.72727272727,7.17,3420701695,44017.5
46900,46300,47000,46450,45250.0,45037.27272727273,7.26,3422245966,44205.0
47000,46550,47200,47100,46000.0,45480.0,7.27,3424831166,44370.0
47150,46800,47400,47300,46610.0,45896.36363636364,7.3,3426066934,44577.5
47100,46400,47100,47000,46890.0,46249.09090909091,7.29,3425302880,44747.5
46900,46800,47100,47000,47010.0,46498.181818181816,7.26,3423978972,44897.5
47700,46800,47700,46900,47170.0,46840.0,7.38,3424378628,45102.5
49150,47850,49200,48050,47600.0,47374.545454545456,7.61,3426615181,45337.5
49200,49100,49600,49400,48010.0,47810.90909090909,7.61,3431557943,45572.5
49300,49000,49300,49250,48450.0,48172.72727272727,7.63,3432040138,45835.0
49500,48850,49650,49050,48970.0,48505.454545454544,7.66,3432821185,46112.5
48900,48800,49350,49200,49210.0,48670.90909090909,7.57,3430976653,46377.5
49200,48900,49250,49000,49220.0,48854.545454545456,7.61,3430140389,46635.0
48400,48000,48700,48000,49060.0,48852.72727272727,7.49,3428244132,46847.5
49050,47900,49250,48050,49010.0,48946.36363636364,7.59,3427169304,47130.0
48850,48650,49100,48900,48880.0,48968.181818181816,7.56,3427577576,47372.5
47600,47600,48400,48350,48620.0,48727.27272727273,7.37,3426076371,47562.5
48000,47350,48650,47400,48380.0,48560.90909090909,7.43,3428008622,47800.0
47750,47650,48700,48350,48250.0,48370.0,7.39,3427851154,47982.5
48900,47600,49000,47900,48220.0,48414.545454545456,7.57,3427197813,48142.5
48550,48000,49200,48200,48160.0,48402.72727272727,7.51,3426146152,48255.0
49150,48800,49450,49000,48470.0,48517.27272727273,7.61,3427332848,48367.5
50000,49850,50300,50000,48870.0,48781.81818181818,7.74,3429097012,48517.5
50100,49900,50200,49900,49340.0,49050.0,7.75,3430066824,48665.0
50700,50400,50900,50700,49700.0,49396.36363636364,7.85,3430036288,48845.0
50500,50100,50600,50500,50090.0,49676.36363636364,7.82,3430946012,49025.0
49900,49650,50900,50300,50240.0,49817.27272727273,7.72,3431931866,49135.0
50300,49800,50400,49900,50300.0,49989.09090909091,7.79,3431896276,49192.5
51200,50700,51500,50800,50520.0,50282.72727272727,7.92,3430157953,49292.5
51200,50800,51500,51300,50620.0,50513.63636363636,7.92,3432074394,49387.5
50700,50500,52500,52500,50660.0,50611.81818181818,7.85,3433437950,49447.5
50900,50500,51200,50800,50860.0,50707.27272727273,7.88,3432503445,49547.5
51300,50700,51500,50700,51060.0,50843.63636363636,7.94,3431800739,49652.5
51100,50800,51700,51400,51040.0,50920.0,7.91,3434077102,49787.5
50400,50200,50800,50700,50880.0,50850.90909090909,7.8,3435698020,49855.0
50400,50300,51400,51000,50820.0,50787.27272727273,7.8,3436336059,49932.5
51200,50400,51200,50600,50880.0,50870.90909090909,7.92,3435924091,50112.5
52300,51400,52300,51700,51080.0,51130.90909090909,8.09,3433098125,50327.5
52700,52100,52700,52400,51400.0,51427.27272727273,8.16,3434249287,50575.0
53300,52700,53500,52900,51980.0,51805.454545454544,8.25,3437167252,50795.0
52900,52400,53400,53400,52480.0,52072.72727272727,8.19,3441265379,51012.5
52100,52000,53300,53200,52660.0,52154.545454545456,8.06,3440785556,51160.0
51600,51400,52200,52200,52520.0,52123.63636363636,7.99,3438363577,51240.0
52600,51600,52600,51800,52500.0,52269.09090909091,8.14,3437947428,51365.0
52500,52000,52500,52500,52340.0,52369.09090909091,8.13,3437924492,51455.0
52800,51900,52800,51900,52320.0,52485.454545454544,8.17,3438808442,51570.0
53700,52600,53700,52900,52640.0,52721.81818181818,8.31,3436911460,51760.0
53500,53200,53800,53600,53020.0,52876.36363636364,8.28,3436813862,51920.0
53500,52700,53500,53200,53200.0,53009.09090909091,8.28,3435064600,52035.0
52000,52000,53400,53400,53100.0,52854.545454545456,8.05,3435481570,52075.0
51000,50600,52100,51600,52740.0,52541.81818181818,7.89,3433622911,52090.0
51600,50900,51600,51000,52320.0,52372.72727272727,7.99,3430239396,52125.0
51800,51700,52600,52200,51980.0,52249.09090909091,8.02,3428300117,52150.0
51800,51800,52900,51900,51640.0,52121.81818181818,8.02,3426072314,52185.0
52200,51600,52300,51800,51680.0,52081.81818181818,8.08,3418960796,52275.0
51300,51300,52100,51900,51740.0,51883.63636363636,7.94,3419006576,52320.0
50300,50200,51400,51200,51480.0,51530.90909090909,7.79,3417108910,52275.0
50400,50400,51300,50900,51200.0,51258.181818181816,7.8,3414628428,52180.0
49900,49500,50300,49800,50820.0,50950.90909090909,7.72,3411207939,52040.0
49450,49000,49850,49600,50270.0,50627.27272727273,7.65,3407623865,51847.5
49500,49500,50400,50200,49910.0,50359.09090909091,7.66,3404915454,51677.5
50400,49950,50900,50100,49930.0,50281.81818181818,7.8,3403641944,51592.5
51200,50700,51400,50900,50090.0,50371.81818181818,7.92,3402251143,51572.5
51500,50700,51600,51000,50410.0,50527.27272727273,7.97,3400989677,51517.5
51900,51400,52200,51500,50900.0,50760.90909090909,8.03,3399197921,51487.5
53300,52700,53300,53000,51660.0,51254.545454545456,8.25,3398904523,51512.5
54700,53900,54800,54500,52520.0,51966.36363636364,8.47,3404263509,51562.5
54700,54300,54900,54500,53220.0,52598.181818181816,8.47,3408710456,51622.5
56700,55400,56700,55800,54260.0,53515.454545454544,8.78,3408046087,51782.5
56300,56000,57200,56700,55140.0,54236.36363636364,8.71,3410004154,51997.5
56000,55500,57300,57000,55680.0,54778.181818181816,8.67,3411364667,52247.5
56000,55600,56500,56100,55940.0,55201.81818181818,8.67,3411808014,52467.5
55500,55100,56400,56100,56100.0,55432.72727272727,8.59,3410579651,52652.5
55000,54800,55700,55600,55760.0,55494.545454545456,8.51,3406884621,52812.5
55400,54400,55400,54700,55580.0,55565.454545454544,8.57,3403530401,52972.5
56500,55500,56900,55700,55680.0,55772.72727272727,8.74,3396470310,53232.5
55800,55700,56600,56200,55640.0,55794.545454545456,8.64,3394663726,53507.5
55200,55000,56000,55500,55580.0,55687.27272727273,8.54,3391513903,53747.5
55500,54900,56600,56000,55680.0,55625.454545454544,8.59,3392458522,54027.5
55500,54600,55600,54900,55700.0,55585.454545454544,8.59,3394101839,54330.0
55800,55600,56400,55700,55560.0,55614.545454545456,8.64,3395947207,54645.0
56800,55900,57400,56200,55760.0,55829.09090909091,8.79,3396603861,54965.0
58600,57400,58600,58400,56440.0,56356.36363636364,9.07,3401953233,55335.0
59500,58300,59700,58800,57240.0,56990.90909090909,9.21,3406123744,55735.0
60000,59100,60000,59600,58140.0,57634.545454545456,9.29,3407591841,56140.0
60000,59900,61000,60400,58980.0,58194.545454545456,9.29,3409768702,56475.0
59000,58900,59600,59500,59420.0,58509.09090909091,9.13,3410068366,56690.0
60700,59000,60700,59100,59840.0,59074.545454545456,9.39,3408914437,56990.0
61300,61000,62000,61900,60200.0,59649.09090909091,9.49,3410117802,57220.0
62400,61700,62800,62000,60680.0,60318.181818181816,9.66,3411538909,57525.0
61400,61200,62400,62000,60960.0,60680.0,9.5,3412169171,57795.0
62300,60400,62600,60500,61620.0,61103.63636363636,9.64,3413588080,58110.0
60800,60700,61800,61800,61640.0,61154.545454545456,9.41,3414326647,58375.0
58800,58300,59400,59400,61140.0,60801.81818181818,9.1,3412832338,58565.0
59100,58800,59700,59100,60480.0,60516.36363636364,9.15,3408109848,58750.0
57200,56800,58800,58800,59640.0,59901.81818181818,8.85,3412061983,58785.0
56400,56400,58400,57800,58460.0,59192.72727272727,8.73,3418159222,58815.0
57200,55200,57400,55500,57740.0,58676.36363636364,8.85,3414335972,58915.0
58900,56800,59000,57100,57760.0,58532.72727272727,9.12,3410421332,59085.0
59500,58900,60200,60000,57840.0,58541.81818181818,9.21,3405724012,59285.0
61100,59700,61100,60100,58620.0,58894.545454545456,9.46,3409834163,59550.0
60400,59700,61200,61100,59420.0,59125.454545454544,9.35,3411082935,59730.0
59700,59100,59800,59200,59920.0,59263.63636363636,9.24,3411100410,59785.0
59900,59700,60700,59800,60120.0,59458.181818181816,9.27,3408617784,59805.0
60500,59700,60700,60300,60320.0,59741.81818181818,9.36,3406745714,59830.0
60700,60500,61600,61200,60240.0,60036.36363636364,9.39,3407347742,59865.0
61800,60200,61900,60900,60520.0,60467.27272727273,9.57,3412519450,60005.0
61500,61200,62000,61600,60880.0,60745.454545454544,9.52,3414110177,60045.0
59800,59700,60900,60800,60860.0,60636.36363636364,9.26,3413234917,59970.0
60200,59400,60400,59800,60800.0,60583.63636363636,9.32,3411414128,59860.0
60000,59600,61300,60700,60660.0,60481.81818181818,9.29,3409398812,59790.0
59200,58500,59800,58800,60140.0,60254.545454545456,9.16,3409535024,59635.0
56800,56800,58100,57400,59200.0,59612.72727272727,8.79,3410863577,59435.0
57900,56200,58000,56200,58820.0,59223.63636363636,8.96,3402458142,59390.0
56500,56000,57000,56000,58080.0,58616.36363636364,8.74,3397993662,59260.0
55900,55500,56900,56300,57260.0,57972.72727272727,8.65,3389825244,59195.0
54200,54200,55500,55000,56260.0,57107.27272727273,8.39,3386320457,59085.0
55000,53600,55500,54300,55900.0,56525.454545454544,8.51,3379998117,58975.0
55400,55100,56900,56700,55400.0,56134.545454545456,8.57,3373458848,58800.0
57400,54600,57600,54800,55580.0,56187.27272727273,8.88,3371100566,58695.0
57800,56700,58000,57600,55960.0,56363.63636363636,8.95,3373668756,58530.0
56500,56200,57200,56500,56420.0,56343.63636363636,8.74,3371029903,58335.0
54200,53600,55000,54700,56260.0,55954.545454545456,8.39,3368279127,58060.0
54600,53700,54900,53800,56100.0,55685.454545454544,8.45,3358278619,57795.0
52100,52000,54400,54300,55040.0,55021.81818181818,8.06,3351584933,57375.0
50800,49300,51900,51000,53640.0,54201.81818181818,7.86,3341401720,56880.0
49950,46850,51600,47450,52330.0,53320.0,7.73,3332243792,56287.5
48900,48800,50900,50100,51270.0,52324.545454545456,7.57,3321589476,55657.5
47300,46700,49650,46900,49810.0,51149.09090909091,7.32,3322755885,55032.5
45600,45600,48350,47750,48510.0,49811.81818181818,7.06,3311728922,54302.5
42950,42300,46650,46400,46940.0,48207.27272727273,6.65,3311183096,53450.0
45400,43550,45500,44150,46030.0,47318.181818181816,7.03,3307989649,52760.0
42500,42400,43550,42600,44750.0,46103.63636363636,6.58,3305522935,52045.0
46950,43050,46950,43850,44680.0,45910.90909090909,7.27,3297694883,51497.5
48650,47150,49600,48950,45290.0,46166.36363636364,7.53,3301417123,51105.0
47800,47700,49300,49000,46260.0,46330.0,7.4,3294832165,50700.0
48300,46850,49700,49600,46840.0,46639.09090909091,7.48,3292258117,50405.0
47850,46550,48350,47050,47910.0,46896.36363636364,7.41,3279266668,50047.5
47750,47150,48500,48000,48070.0,47154.545454545456,7.39,3277315082,49665.0
45800,45800,47900,47450,47500.0,47050.0,7.09,3278789476,49085.0
46800,45350,46850,46200,47300.0,47123.63636363636,7.24,3282913127,48535.0
47000,46550,47600,47400,47040.0,47163.63636363636,7.27,3282743807,48060.0
48700,47250,48800,47500,47210.0,47483.63636363636,7.54,3283782109,47785.0
49600,49000,50200,49650,47580.0,47854.545454545456,7.68,3284032624,47535.0
48600,48600,49750,49600,48140.0,47995.454545454544,7.52,3285448980,47360.0
49100,48700,49800,49750,48600.0,48228.181818181816,7.6,3287865042,47275.0
49250,48650,49250,48950,49050.0,48464.545454545456,7.62,3287903491,47240.0
48300,48300,48900,48650,48970.0,48510.90909090909,7.48,3288583502,47210.0
49000,48300,49200,48800,48850.0,48676.36363636364,7.58,3287412726,47295.0
49000,48550,49350,49350,48930.0,48819.09090909091,7.58,3286436585,47465.0
51400,50300,52000,50800,49390.0,49340.0,7.96,3288869291,47887.5
50100,50000,51400,51400,49560.0,49540.90909090909,7.75,3295137974,48122.5
49250,48700,49700,49400,49750.0,49530.90909090909,7.62,3297064694,48460.0
49850,48350,50000,48700,49920.0,49620.0,7.72,3295280076,48605.0
49850,49500,50300,50200,50090.0,49704.545454545456,7.72,3296821358,48665.0
49350,49000,49750,49650,49680.0,49675.454545454544,7.64,3296671260,48742.5
49850,49100,50000,49350,49630.0,49732.72727272727,7.72,3294906018,48820.0
50100,49300,50100,49850,49800.0,49824.545454545456,7.75,3297069809,48932.5
50000,49600,50500,49900,49830.0,49865.454545454544,7.74,3296993918,49045.0
48500,48500,49100,48900,49560.0,49615.454545454544,15.32,3298091160,49180.0
49200,48500,49200,49000,49530.0,49501.81818181818,15.54,3290008482,49300.0
48800,48700,49300,49200,49320.0,49355.454545454544,15.41,3288439782,49390.0
48800,48800,49350,49100,49060.0,49232.72727272727,15.41,3287441055,49395.0
48400,48300,49250,48900,48740.0,49045.454545454544,15.29,3286011560,49335.0
47900,47550,48500,48400,48620.0,48793.63636363636,15.13,3284649709,49300.0
48550,47200,48550,47250,48490.0,48695.454545454544,15.33,3285179794,49272.5
48000,47650,48100,47750,48330.0,48511.81818181818,15.16,3285433538,49210.0
47850,47700,48450,48400,48140.0,48334.545454545456,15.11,3284058630,49187.5
48800,47600,49100,47950,48220.0,48370.90909090909,15.41,3281944496,49177.5
50300,49700,50500,50100,48700.0,48701.81818181818,15.89,3281319439,49242.5
50000,49800,50200,50000,48990.0,48945.454545454544,15.79,3283625878,49172.5
49950,49850,50400,50300,49380.0,49165.454545454544,15.78,3284189677,49165.0
48750,48600,49800,49600,49560.0,49146.36363636364,15.4,3286231455,49140.0
48850,48450,48900,48750,49570.0,49146.36363636364,15.43,3282583517,49090.0
49250,48600,49450,48700,49360.0,49210.90909090909,15.56,3280425676,49060.0
49900,48800,50000,48950,49340.0,49369.09090909091,15.76,3278128396,49087.5
50400,49900,51200,51100,49430.0,49593.63636363636,15.92,3281127993,49115.0
50700,49700,50700,50000,49820.0,49829.09090909091,16.01,3283445773,49145.0
51200,50600,51200,50800,50290.0,50103.63636363636,16.17,3287326746,49205.0
51400,50800,51500,51000,50720.0,50370.90909090909,16.23,3287872854,49350.0
54500,51700,55000,51800,51640.0,51181.81818181818,17.21,3287419976,49615.0
54600,54600,57000,55800,52480.0,51929.09090909091,17.25,3290978887,49905.0
55500,54000,55900,54400,53440.0,52755.454545454544,17.53,3290948780,50240.0
54900,54700,56500,56400,54180.0,53350.0,17.34,3290944570,50565.0
55500,54400,56500,55800,55000.0,53943.63636363636,17.53,3289350504,50945.0
55400,54900,55900,55100,55180.0,54405.454545454544,17.5,3289773517,51287.5
54300,53200,55100,54500,55120.0,54567.27272727273,17.15,3288883783,51602.5
52300,51500,52800,52100,54480.0,54294.545454545456,16.52,3287082512,51825.0
49900,49900,52000,51400,53480.0,53556.36363636364,15.76,3286776856,51880.0
52100,50600,52100,51200,52800.0,53241.81818181818,16.46,3285960756,51970.0
52200,51300,52900,52100,52160.0,52932.72727272727,16.49,3285012646,52080.0
52300,51600,52300,52200,51760.0,52683.63636363636,16.52,3286480463,52197.5
52900,51600,52900,52600,51880.0,52585.454545454544,16.71,3286829576,52405.0
52000,51800,52600,52000,52300.0,52370.90909090909,16.42,3288708153,52562.5
51400,51100,52800,52500,52160.0,52100.0,16.23,3287560818,52670.0
52900,51600,53900,51900,52300.0,52176.36363636364,16.71,3287043232,52820.0
51900,51900,53000,52100,52220.0,52116.36363636364,16.39,3285703719,52895.0
53300,52200,53900,52800,52300.0,52354.545454545456,16.84,3281245382,53025.0
52400,52000,53200,52500,52380.0,52410.90909090909,16.55,3282572808,53085.0
52800,52800,53900,53900,52660.0,52494.545454545456,16.68,3281656297,53155.0
52600,52400,53600,53400,52600.0,52529.09090909091,16.61,3283329948,53060.0
52900,52100,52900,52100,52800.0,52610.90909090909,16.71,3287946503,52975.0
53600,52700,53600,53000,52860.0,52809.09090909091,16.93,3288523498,52880.0
55000,53800,55000,54000,53380.0,53249.09090909091,17.37,3290060990,52885.0
53400,53400,55900,55800,53500.0,53343.63636363636,16.87,3291695610,52780.0
53000,52900,53900,53600,53580.0,53329.09090909091,16.74,3291151037,52660.0
52800,52800,53600,53200,53560.0,53276.36363636364,16.68,3291961659,52585.0
52700,52300,53200,53100,53380.0,53189.09090909091,16.65,3293470941,52605.0
53400,53100,53800,53300,53060.0,53240.0,16.87,3295815100,52780.0
53800,53200,53800,53700,53140.0,53345.454545454544,16.99,3297196342,52865.0
54700,54300,55000,54400,53480.0,53596.36363636364,17.28,3299408509,52990.0
53800,53800,54800,54800,53680.0,53645.454545454544,16.99,3304889075,53065.0
54400,54100,54700,54200,54020.0,53787.27272727273,17.18,3303905728,53140.0
54200,54000,54800,54800,54180.0,53878.181818181816,17.12,3305516184,53250.0
55300,54800,55400,55200,54480.0,54183.63636363636,17.47,3306586922,53445.0
54700,54700,55500,55300,54480.0,54345.454545454544,17.28,3312295217,53535.0
54100,53800,54700,54700,54540.0,54367.27272727273,17.09,3312100431,53645.0
54200,53700,54400,54000,54500.0,54383.63636363636,17.12,3310936379,53690.0
55600,54300,55700,54300,54780.0,54627.27272727273,17.56,3313429996,53850.0
58600,56400,58800,57000,55440.0,55376.36363636364,18.51,3320606041,54140.0
59000,58600,60400,60300,56300.0,56110.90909090909,18.64,3337129816,54460.0
59000,59000,60100,59700,57280.0,56767.27272727273,18.64,3342000929,54765.0
57900,57700,59600,59500,58020.0,57129.09090909091,18.29,3343814043,54980.0
56800,56700,57900,57800,58260.0,57227.27272727273,17.94,3342603301,55070.0
57300,57000,58100,57200,58000.0,57369.09090909091,18.1,3339228864,55265.0
56900,56300,57500,57300,57580.0,57401.81818181818,17.97,3338111034,55460.0
58000,57100,58400,57100,57380.0,57594.545454545456,18.32,3336912129,55720.0
57500,57100,58400,57900,57300.0,57625.454545454544,18.16,3337635274,55960.0
57800,57500,58300,57600,57500.0,57650.90909090909,18.26,3339289268,56180.0
58200,57800,59500,58000,57680.0,57709.09090909091,18.38,3339282837,56400.0
59000,57700,59000,58200,58100.0,57920.0,18.64,3339839462,56615.0
58700,58000,59600,59400,58240.0,58076.36363636364,18.54,3339953185,56860.0
58000,57700,58400,58000,58340.0,58110.90909090909,18.32,3338717100,57040.0
58400,58000,59900,58900,58460.0,58216.36363636364,18.45,3337403113,57250.0
57800,57800,59200,59000,58380.0,58183.63636363636,18.26,3340442432,57375.0
55400,55300,57600,57600,57660.0,57705.454545454544,17.5,3340042743,57410.0
55900,55800,56900,56200,57100.0,57345.454545454544,17.66,3339587610,57500.0
56100,55400,56600,55800,56720.0,57060.0,17.72,3341272741,57595.0
56400,56100,56800,56400,56320.0,56854.545454545456,17.81,3341629824,57635.0
56400,55700,56500,56400,56040.0,56674.545454545456,17.81,3341734801,57525.0
55600,55600,56300,56300,56080.0,56381.81818181818,17.56,3344134129,57355.0
55400,55400,56300,56100,55980.0,56114.545454545456,17.5,3344210115,57175.0
54000,54000,56100,56000,55560.0,55652.72727272727,17.06,3341517967,56980.0
54200,54100,54800,54100,55120.0,55300.0,17.12,3330770276,56850.0
54400,54100,55100,54600,54720.0,55060.0,17.18,3329332324,56705.0
56400,55500,56700,55600,54880.0,55245.454545454544,17.81,3328550592,56680.0
55600,55100,55800,55200,54920.0,55267.27272727273,17.56,3332550013,56560.0
56500,55800,57300,56100,55420.0,55458.181818181816,17.85,3330417203,56510.0
58700,57200,58700,57400,56320.0,56041.81818181818,18.54,3330377694,56555.0
58400,57800,59300,58200,57120.0,56529.09090909091,18.45,3334864895,56565.0
59200,59100,60000,59900,57680.0,57125.454545454544,18.7,3337163648,56575.0
59000,58200,59400,59300,58360.0,57620.0,18.64,3342832763,56590.0
60400,59900,60800,60200,59140.0,58303.63636363636,19.08,3342297258,56710.0
61000,60500,61000,60900,59600.0,58980.0,19.27,3343795931,56840.0
61000,60600,61300,61100,60120.0,59532.72727272727,19.27,3343427056,57000.0
59500,59300,60800,60700,60180.0,59692.72727272727,18.79,3346611159,57205.0
59300,59100,59900,59800,60240.0,59760.0,18.73,3344901755,57375.0
59200,59000,60000,59100,60000.0,59741.81818181818,18.7,3342907742,57530.0
58200,57800,59700,59100,59440.0,59492.72727272727,18.38,3341968766,57620.0
58600,57400,58800,58400,58960.0,59325.454545454544,18.51,3342059914,57730.0
57800,57600,58600,57700,58620.0,59009.09090909091,18.26,3342846232,57840.0
57900,57700,58200,57700,58340.0,58736.36363636364,18.29,3341981626,57965.0
58200,57900,58800,58300,58140.0,58538.181818181816,18.38,3338304491,58175.0
58200,58200,59000,58300,58140.0,58380.0,18.38,3336360998,58375.0
58700,57500,59200,57500,58160.0,58363.63636363636,18.54,3334623662,58590.0
59000,58700,59900,59400,58400.0,58443.63636363636,18.64,3334548952,58720.0
59900,58500,59900,58700,58800.0,58696.36363636364,18.92,3337046323,58935.0
59700,59500,60700,60500,59100.0,58901.81818181818,18.86,3339820163,59095.0
60400,59900,60400,60000,59540.0,59225.454545454544,19.08,3344479690,59180.0
60900,60400,61400,61000,59980.0,59600.0,19.24,3347612882,59305.0
60900,60500,61100,61000,60360.0,59932.72727272727,19.24,3349585626,59390.0
60000,59700,60800,60700,60380.0,60045.454545454544,18.95,3350943488,59440.0
59500,59000,60400,60000,60340.0,60029.09090909091,18.79,3348668311,59395.0
60000,59500,60200,59600,60260.0,60080.0,18.95,3348684518,59345.0
60900,60100,60900,60300,60260.0,60261.81818181818,19.24,3349021732,59340.0
60900,60600,61500,61200,60260.0,60403.63636363636,19.24,3353917884,59410.0
60100,59800,60500,60300,60280.0,60365.454545454544,18.98,3355422870,59450.0
60200,59800,60400,60400,60420.0,60341.81818181818,19.01,3352764576,59500.0
60400,60100,61100,60400,60500.0,60345.454545454544,19.08,3352649769,59610.0
59800,59500,60300,60300,60280.0,60240.0,18.89,3353510233,59670.0
59000,58800,59400,59400,59900.0,60009.09090909091,18.64,3353453906,59730.0
58100,57500,58500,58200,59500.0,59649.09090909091,18.35,3352024087,59740.0
56600,56600,58000,58000,58780.0,59050.90909090909,17.88,3351228371,59660.0
57400,56000,57500,56400,58180.0,58650.90909090909,18.13,3343353450,59620.0
58800,57600,58900,57900,57980.0,58552.72727272727,18.57,3341249266,59625.0
58500,57800,59000,58900,57880.0,58438.181818181816,18.48,3341340625,59600.0
60300,58800,60300,59000,58320.0,58694.545454545456,19.05,3335740266,59620.0
60100,59600,60800,60700,59020.0,58910.90909090909,18.98,3342651269,59640.0
60200,60100,60900,60700,59580.0,59147.27272727273,19.01,3345291144,59630.0
60200,59500,60500,60500,59860.0,59387.27272727273,19.01,3347475796,59595.0
61300,60400,61400,60700,60420.0,59820.0,19.36,3349024840,59615.0
61000,60700,61400,61000,60560.0,60156.36363636364,19.27,3356653932,59665.0
63200,61000,63200,61300,61180.0,60840.0,19.96,3360486981,59850.0
66300,63900,66700,64000,62400.0,61967.27272727273,20.94,3369821874,60165.0
65700,65600,67000,67000,63500.0,62823.63636363636,20.75,3374837153,60405.0
64800,64700,66200,65700,64200.0,63390.90909090909,20.47,3376328996,60600.0
64600,63900,64800,64100,64920.0,63807.27272727273,20.4,3375031754,60825.0
64700,63900,65200,63900,65220.0,64163.63636363636,20.44,3374440535,61050.0
67500,64700,67800,64800,65460.0,64945.454545454544,21.32,3374405884,61405.0
67700,67000,69500,67900,65860.0,65630.90909090909,21.38,3378913075,61800.0
66600,66500,68300,67900,66220.0,65980.0,21.04,3380860470,62180.0
68000,66000,68000,66100,66900.0,66487.27272727272,21.48,3376465034,62675.0
68200,67600,68400,68000,67600.0,66903.63636363637,21.54,3377745389,63255.0
66700,66700,68600,68400,67440.0,66956.36363636363,21.07,3375203046,63720.0
67800,67100,68300,67100,67460.0,67201.81818181818,21.42,3362502847,64170.0
69500,68300,69900,68400,68040.0,67718.18181818182,21.95,3361671765,64720.0
69700,69300,70500,70100,68380.0,68185.45454545454,22.02,3364828006,65190.0
71500,70100,72100,70400,69040.0,68887.27272727272,22.58,3365148246,65760.0
72900,71900,73500,72400,70280.0,69720.0,23.03,3367568445,66395.0
71700,71600,72900,72200,71060.0,70236.36363636363,22.65,3367719318,66970.0
73900,72000,73900,72100,71940.0,71080.0,23.34,3364206224,67600.0
72900,72500,73800,72700,72580.0,71609.09090909091,23.03,3363404671,68195.0
73400,73100,73800,73500,72960.0,72140.0,23.18,3354485806,68705.0
73800,73200,74500,73600,73140.0,72649.09090909091,23.31,3351615396,69080.0
73800,73300,74100,73800,73560.0,73029.09090909091,23.31,3350768177,69485.0
73800,73400,74500,74100,73540.0,73300.0,23.31,3348503431,69935.0
73300,72600,73700,73400,73620.0,73401.81818181818,23.15,3344767532,70370.0
73000,73000,73700,73300,73540.0,73383.63636363637,23.06,3341909874,70785.0
73000,72000,73400,73100,73380.0,73338.18181818182,23.06,3340164669,71060.0
72300,72100,73200,72500,73080.0,73163.63636363637,22.84,3338406761,71290.0
73900,72300,74000,72400,73100.0,73269.09090909091,23.34,3337652600,71655.0
77800,74000,78800,74100,74000.0,74083.63636363637,24.57,3338473775,72145.0
78700,78200,80100,79000,75140.0,74972.72727272728,24.86,3335680180,72670.0
78300,77300,78900,78800,76200.0,75692.72727272728,24.73,3332143450,73250.0
81000,77300,81300,77400,77940.0,76821.81818181818,25.58,3327108382,73910.0
83000,80200,84400,81000,79760.0,78183.63636363637,26.22,3326606260,74585.0
83900,81600,83900,81600,80980.0,79541.81818181818,26.5,3326912850,75295.0
82200,82100,84500,83300,81680.0,80398.18181818182,25.96,3324161540,75830.0
82900,82700,84200,82800,82600.0,81214.54545454546,26.18,3317753686,76330.0
88800,83000,90000,83300,84160.0,82923.63636363637,28.05,3314966371,77185.0
91000,89500,96800,90000,85760.0,84732.72727272728,28.74,3324115988,78040.0
90600,87800,91400,90300,87100.0,86158.18181818182,28.62,3318676206,78925.0
89700,89100,91200,89800,88600.0,87187.27272727272,28.33,3316551070,79740.0
89700,88700,90000,88700,89960.0,88016.36363636363,28.33,3314652740,80535.0
88000,88000,91800,89800,89800.0,88329.09090909091,27.8,3317574926,81245.0
85000,84100,87300,86600,88600.0,87969.09090909091,26.85,3314891659,81805.0
87000,83600,88000,84500,87880.0,87936.36363636363,27.48,3313900306,82490.0
87200,86500,89000,89000,87380.0,87883.63636363637,27.54,3315466941,83200.0
88100,86500,88600,87500,87060.0,87903.63636363637,27.83,3314318499,83955.0
86800,86800,89700,89000,86820.0,87592.72727272728,27.42,3312439854,84680.0
89400,86300,89900,87000,87700.0,87790.90909090909,28.24,3308862803,85455.0
86700,86500,89200,88800,87640.0,87527.27272727272,27.38,3310592511,85900.0
85600,85600,87700,86600,87320.0,87134.54545454546,27.04,3302788894,86245.0
83700,83200,85600,83200,86440.0,86470.90909090909,26.44,3299185995,86515.0
82000,82000,85000,84500,85480.0,85607.27272727272,25.9,3292136878,86565.0
83000,81000,83400,81700,84200.0,85034.54545454546,26.22,3287064777,86565.0
84400,83700,86400,84100,83740.0,84752.72727272728,26.66,3284411970,86590.0
84600,83400,85400,84800,83540.0,84554.54545454546,26.72,3284347058,86710.0
82500,82100,83800,83500,83300.0,84021.81818181818,26.06,3283020318,86690.0
83500,82500,84000,83100,83600.0,83772.72727272728,26.37,3279513829,86425.0
83000,83000,84200,83800,83600.0,83492.72727272728,26.22,3279401217,86025.0
82700,82700,84800,84000,83260.0,83274.54545454546,26.12,3278086074,85630.0
81600,81600,82600,82600,82660.0,82929.09090909091,25.77,3275509980,85225.0
84200,83300,84500,83800,83000.0,83129.09090909091,26.6,3272470449,84950.0
84900,84200,86000,84500,83280.0,83447.27272727272,26.82,3276017591,84795.0
83200,83000,84200,83900,83320.0,83403.63636363637,26.28,3278128079,84705.0
82100,82100,83600,83200,83200.0,83156.36363636363,25.93,3276470145,84460.0
82600,81000,82800,82300,83400.0,83041.81818181818,26.09,3274114130,84230.0
82200,82200,84200,83800,83000.0,82890.90909090909,25.96,3269729122,83935.0
82000,81100,82900,81200,82420.0,82709.09090909091,25.9,3270893771,83695.0
82000,81300,83600,81800,82180.0,82554.54545454546,25.9,3269001528,83325.0
85300,83000,85400,84000,82820.0,83018.18181818182,26.94,3270250664,83255.0
82500,82000,83400,82800,82800.0,82925.45454545454,26.06,3278759165,83100.0
83600,83000,85300,85100,83080.0,83016.36363636363,26.41,3267967616,83095.0
84000,82800,84000,83500,83480.0,83190.90909090909,26.53,3271789049,83195.0
82400,82200,83200,82600,83560.0,83090.90909090909,26.03,3269389792,83165.0
82100,81100,82600,81100,82920.0,82950.90909090909,25.93,3266807175,83050.0
82000,81600,83000,82900,82820.0,82792.72727272728,25.9,3265325227,82920.0
81400,80600,81900,81400,82380.0,82536.36363636363,25.71,3264126836,82865.0
80900,80700,82500,82400,81760.0,82203.63636363637,25.55,3259261110,82735.0
82000,81000,82500,81000,81680.0,82090.90909090909,25.9,3257597571,82685.0
82800,82400,83500,83100,81820.0,82123.63636363637,26.15,3263704157,82690.0
81800,81800,82900,82800,81780.0,82020.0,25.84,3265818023,82700.0
82800,82100,83000,82200,82060.0,82110.90909090909,26.15,3263213185,82630.0
82300,82000,82900,82800,82340.0,82125.45454545454,25.99,3264495367,82500.0
82900,82600,83800,82800,82520.0,82280.0,26.18,3265480409,82485.0
81900,81800,82500,82100,82340.0,82243.63636363637,25.87,3268924099,82475.0
82000,81700,82300,82000,82380.0,82229.09090909091,25.9,3268100154,82445.0
81800,81800,82900,82600,82180.0,82178.18181818182,25.84,3267180599,82425.0
81000,80700,81600,81000,81920.0,81974.54545454546,25.58,3266317850,82375.0
81200,80800,82100,81000,81580.0,81805.45454545454,25.65,3264408772,82335.0
81500,81000,81600,81400,81500.0,81705.45454545454,25.74,3264830252,82145.0
81600,81000,81700,81700,81420.0,81647.27272727272,25.77,3258121957,82100.0
82200,81300,82300,81600,81500.0,81701.81818181818,25.96,3257127680,82030.0
81400,81400,82700,82400,81580.0,81621.81818181818,25.71,3257725119,81900.0
82900,82000,83000,82500,81920.0,81830.90909090909,26.18,3256074914,81925.0
84800,83900,85200,84000,82580.0,82385.45454545454,26.78,3259535433,82060.0
85400,84800,86000,85800,83340.0,82996.36363636363,26.97,3267290287,82230.0
86000,85100,86200,86200,84100.0,83654.54545454546,27.16,3267440600,82460.0
85600,85400,86200,86100,84940.0,84163.63636363637,27.04,3271158749,82695.0
84700,84100,85700,85700,85300.0,84425.45454545454,26.75,3272436879,82830.0
83600,83400,84900,84700,85060.0,84423.63636363637,26.41,3273004512,82870.0
83200,83100,84100,84100,84620.0,84310.90909090909,26.28,3271099802,82940.0
84000,82800,84500,83000,84220.0,84314.54545454546,26.53,3270329201,83000.0
84000,83400,84300,84000,83900.0,84285.45454545454,26.53,3271372520,83085.0
84100,83400,84500,83700,83780.0,84227.27272727272,26.56,3270748402,83145.0
83900,83600,84700,84700,83840.0,84110.90909090909,26.5,3272141989,83245.0
83300,83300,84000,83800,83860.0,83901.81818181818,26.31,3272186178,83310.0
83900,83100,84000,83300,83840.0,83840.0,26.5,3269072510,83415.0
82600,82500,83500,83300,83560.0,83580.0,26.09,3270278628,83495.0
82400,82400,83000,82900,83220.0,83338.18181818182,26.03,3266494529,83555.0
82800,81600,82900,81900,83000.0,83210.90909090909,26.15,3263990365,83620.0
83500,82600,83500,82900,83040.0,83225.45454545454,26.37,3263599412,83715.0
82900,82500,83300,83200,82840.0,83125.45454545454,26.18,3265687928,83750.0
82100,82100,83200,83200,82740.0,82900.0,25.93,3265438313,83785.0
81700,81500,82500,82400,82600.0,82636.36363636363,25.81,3264990763,83725.0
81500,81500,82100,81900,82340.0,82380.0,25.74,3260097260,83560.0
81700,81000,82400,81000,81980.0,82203.63636363637,21.27,3258849859,83375.0
82600,81800,82600,81900,81920.0,82220.0,21.5,3256406820,83205.0
82300,81700,82300,81700,81960.0,82205.45454545454,21.43,3256407953,83040.0
81900,81500,82100,81800,82000.0,82123.63636363637,21.32,3253205313,82900.0
83200,81800,83500,82300,82340.0,82287.27272727272,21.66,3251083459,82880.0
81200,81100,82600,82500,82240.0,82080.0,21.14,3251848864,82780.0
80000,79800,81200,80800,81720.0,81696.36363636363,20.83,3242042872,82580.0
78500,78400,79600,78900,80960.0,81092.72727272728,20.44,3227754040,82305.0
80100,78900,80300,79000,80600.0,80845.45454545454,20.85,3217413668,82105.0
79600,79200,80900,80800,79880.0,80536.36363636363,20.72,3217923668,81890.0
79600,79100,80000,79600,79560.0,80261.81818181818,20.72,3214309759,81705.0
79500,79100,79700,79400,79460.0,80007.27272727272,20.7,3208800002,81485.0
80100,79800,81500,80100,79780.0,79918.18181818182,20.85,3207236831,81360.0
79700,79500,80400,80100,79700.0,79796.36363636363,20.75,3207925179,81225.0
79900,79800,80400,80000,79760.0,79750.90909090909,20.8,3206181770,81080.0
79800,79700,80500,80400,79800.0,79747.27272727272,20.78,3204448953,80895.0
79600,79100,80000,80000,79820.0,79732.72727272728,20.72,3204501037,80730.0
80100,79400,80400,79800,79820.0,79816.36363636363,20.85,3202395127,80630.0
80500,79600,80600,80300,79980.0,79943.63636363637,20.96,3202216626,80570.0
80600,80100,81300,80500,80120.0,80081.81818181818,20.98,3205303096,80525.0
80800,80300,81400,80400,80320.0,80238.18181818182,21.04,3204935078,80480.0
82800,81100,83000,81300,80960.0,80736.36363636363,21.56,3207323153,80490.0
82200,81500,82700,82700,81380.0,81065.45454545454,21.4,3213116605,80485.0
81900,81600,82800,82700,81660.0,81301.81818181818,21.32,3214233961,80485.0
81900,81800,82600,82300,81920.0,81498.18181818182,21.32,3212693024,80420.0
81100,81100,82000,81500,81980.0,81512.72727272728,21.11,3211600027,80415.0
81000,80900,81400,81300,81620.0,81485.45454545454,21.09,3212681753,80465.0
81000,80700,81700,81200,81380.0,81432.72727272728,21.09,3215229880,80590.0
80500,80500,80900,80800,81100.0,81272.72727272728,20.96,3212193494,80610.0
80900,80600,81200,80900,80900.0,81185.45454545454,21.06,3211149472,80675.0
81800,81100,81900,81500,81040.0,81256.36363636363,21.3,3211443684,80785.0
80900,80700,81300,81100,81020.0,81145.45454545454,21.06,3214255737,80855.0
80500,80500,81100,81100,80920.0,80996.36363636363,20.96,3212953323,80875.0
79900,79600,80000,79700,80800.0,80769.09090909091,20.8,3207338893,80885.0
80000,79900,80300,80200,80620.0,80596.36363636363,20.83,3203322816,80890.0
80100,79900,80600,80500,80280.0,80476.36363636363,20.85,3200914330,80905.0
81200,80100,81400,80400,80340.0,80574.54545454546,21.14,3199699965,80985.0
81600,81200,81900,81500,80560.0,80741.81818181818,21.24,3200254966,81060.0
81900,81600,82000,81700,80960.0,80952.72727272728,21.32,3197927629,81130.0
81000,80800,82100,81900,81160.0,80974.54545454546,21.09,3195921890,81150.0
80700,80700,81400,81100,81280.0,80940.0,21.01,3196595391,81145.0
80100,80000,80600,80500,81060.0,80816.36363636363,20.85,3197972858,81010.0
80000,79900,80400,80000,80740.0,80689.09090909091,20.83,3196312492,80900.0
80400,80000,80800,80100,80440.0,80643.63636363637,20.93,3193717319,80825.0
81200,80500,81200,80600,80480.0,80734.54545454546,21.14,3196417750,80790.0
80800,80300,81300,81200,80500.0,80730.90909090909,21.04,3199362447,80775.0
79900,79900,81200,81100,80460.0,80550.90909090909,20.8,3199054531,80720.0
79400,79000,79800,79600,80340.0,80303.63636363637,20.67,3197746705,80640.0
79700,79500,80000,79900,80200.0,80150.90909090909,20.75,3192132743,80600.0
79800,79800,80200,80000,79920.0,80056.36363636363,20.78,3191604737,80545.0
79500,79100,79600,79400,79660.0,79929.09090909091,20.7,3191630904,80430.0
80600,79500,80600,79800,79800.0,80023.63636363637,20.98,3190684427,80415.0
79800,79500,80100,80100,79880.0,79963.63636363637,20.78,3193263425,80380.0
79000,78800,79200,79100,79740.0,79761.81818181818,20.57,3193163350,80335.0
79000,78400,79000,78500,79580.0,79585.45454545454,20.57,3189583194,80285.0
78500,78500,79100,79000,79380.0,79358.18181818182,20.44,3188008549,80205.0
79700,78900,79800,79000,79200.0,79390.90909090909,20.75,3185039483,80130.0
79300,79200,79900,79700,79100.0,79354.54545454546,20.65,3184618715,80015.0
78800,78800,79500,79400,79060.0,79229.09090909091,20.52,3183658531,79860.0
78500,78500,79400,79200,78960.0,79065.45454545454,20.44,3181799133,79735.0
79200,78100,79200,78300,79100.0,79052.72727272728,20.62,3179979589,79660.0
79000,78800,79400,78800,78960.0,79009.09090909091,20.57,3177400497,79605.0
78500,78500,78900,78900,78800.0,78903.63636363637,20.44,3175354918,79530.0
79300,78700,79500,79200,78900.0,78967.27272727272,20.65,3174312347,79475.0
81400,79300,81400,79400,79480.0,79407.27272727272,21.19,3173149797,79485.0
82900,81800,83100,82200,80220.0,80076.36363636363,21.58,3180124904,79590.0
82100,82000,83300,83300,80840.0,80520.0,21.37,3186502396,79700.0
81500,81300,82500,81900,81440.0,80810.90909090909,21.22,3185051554,79805.0
81500,80900,82300,81500,81880.0,81061.81818181818,21.22,3185025999,79895.0
80200,80100,82400,82300,81640.0,81027.27272727272,20.88,3184372600,79915.0
78500,78500,79800,79600,80760.0,80652.72727272728,20.44,3179164920,79865.0
77000,76900,78200,77100,79740.0,80018.18181818182,20.05,3165414955,79685.0
74400,74100,76000,75800,78320.0,78947.27272727272,19.37,3143306092,79415.0
74200,74000,75100,74000,76860.0,77914.54545454546,19.32,3111669685,79175.0
73900,73100,74600,73900,75600.0,76920.0,19.24,3105523779,78920.0
73100,73100,74400,73500,74520.0,75916.36363636363,19.03,3095882723,78650.0
72700,72500,73900,73500,73660.0,75018.18181818182,18.93,3093363069,78300.0
73300,73000,74000,73300,73440.0,74400.0,19.08,3089956042,78000.0
75600,73900,75700,73900,73720.0,74349.09090909091,19.68,3086666037,77840.0
75700,74900,76600,76200,74080.0,74423.63636363637,19.71,3086546459,77700.0
74600,74600,76200,76100,74380.0,74380.0,19.42,3087018920,77470.0
74300,73800,75000,74300,74700.0,74352.72727272728,19.34,3085382639,77235.0
74600,74200,75500,75400,74960.0,74429.09090909091,19.42,3082551823,77040.0
76700,74300,76700,74900,75180.0,74883.63636363637,19.97,3081269320,76910.0
76800,75900,77100,76700,75400.0,75310.90909090909,19.99,3086583135,76680.0
76000,75700,76800,76800,75680.0,75540.0,19.79,3089750731,76335.0
76600,76000,76700,76400,76140.0,75825.45454545454,19.94,3090172940,76060.0
77300,76600,77600,76800,76680.0,76167.27272727272,20.12,3092365274,75850.0
76100,75900,77100,77100,76560.0,76218.18181818182,19.81,3093996705,75580.0
76300,75600,76400,76000,76460.0,76296.36363636363,19.86,3091550861,75385.0
75300,75000,76600,76400,76320.0,76181.81818181818,19.6,3092280317,75225.0
75300,74800,75600,75300,76060.0,76054.54545454546,19.6,3093037545,75140.0
76300,75100,76300,75200,75860.0,76090.90909090909,19.86,3090731987,75235.0
76600,76600,77700,77100,75960.0,76150.90909090909,19.94,3092071304,75355.0
77000,76400,77400,77400,76100.0,76285.45454545454,20.05,3095054410,75510.0
76100,76100,77400,77300,76260.0,76252.72727272728,19.81,3096837350,75660.0
77200,75900,77200,76300,76640.0,76418.18181818182,20.1,3097299623,75885.0
77400,76800,77600,77500,76860.0,76609.09090909091,20.15,3100359225,76090.0
77300,77100,77700,77600,77000.0,76780.0,20.12,3103382931,76175.0
77700,77000,77700,77300,77140.0,77001.81818181818,20.23,3102925959,76275.0
76300,76200,77800,77700,77180.0,76943.63636363637,19.86,3104435106,76360.0
74100,73800,75300,74800,76560.0,76467.27272727272,19.29,3103497069,76350.0
74100,73700,74800,74300,75900.0,76012.72727272728,19.29,3095827752,76325.0
73200,72900,74000,73900,75080.0,75434.54545454546,19.06,3095733139,76150.0
72200,71400,73000,73000,73980.0,74736.36363636363,18.8,3094712253,75920.0
71300,71200,72800,72600,72980.0,73961.81818181818,18.56,3093131069,75685.0
71600,71300,72100,71600,72480.0,73329.09090909091,18.64,3092231981,75435.0
71500,71500,72400,72300,71960.0,72780.0,18.61,3089882875,75145.0
69000,68700,70900,70700,71120.0,71883.63636363637,17.96,3090175975,74790.0
68800,68300,69600,68700,70440.0,71101.81818181818,17.91,3080162246,74415.0
69400,68800,69800,69000,70060.0,70590.90909090909,18.07,3075283601,74120.0
70100,70000,71000,70200,69760.0,70332.72727272728,18.25,3071448628,73860.0
70200,69200,70300,70200,69500.0,70165.45454545454,18.28,3069826224,73555.0
70600,70400,71000,70800,69820.0,70141.81818181818,18.38,3070897588,73255.0
70300,70200,71000,70700,70120.0,70110.90909090909,18.3,3070171398,72920.0
70200,70000,70600,70300,70280.0,70096.36363636363,18.28,3070611559,72625.0
70400,70000,70700,70000,70340.0,70138.18181818182,18.33,3070336913,72285.0
70200,69500,70600,69900,70340.0,70165.45454545454,18.28,3069832851,71925.0
71100,70400,71500,70600,70440.0,70380.0,18.51,3067885855,71615.0
70100,70000,71000,71000,70400.0,70374.54545454546,18.25,3067149192,71235.0
70700,69500,72200,69500,70500.0,70454.54545454546,18.41,3064865957,70955.0
69800,69700,71600,71200,70380.0,70347.27272727272,18.17,3062518472,70740.0
69900,69900,70600,70200,70320.0,70263.63636363637,18.2,3060205727,70530.0
71500,70700,72200,70800,70400.0,70476.36363636363,18.61,3058190916,70445.0
70400,70100,71700,71700,70460.0,70472.72727272728,18.33,3060167270,70355.0
70600,70500,71600,71200,70440.0,70503.63636363637,18.38,3059065811,70320.0
70200,70200,71600,71600,70520.0,70454.54545454546,18.28,3058404703,70250.0
70600,69800,70600,70400,70660.0,70481.81818181818,18.38,3057134234,70205.0
70500,70100,71000,70300,70460.0,70483.63636363637,18.35,3056304871,70280.0
70200,70200,70900,70300,70420.0,70441.81818181818,18.28,3055616932,70350.0
69900,69600,70000,69900,70280.0,70343.63636363637,18.2,3056799933,70375.0
70600,69900,70900,70200,70360.0,70387.27272727272,18.38,3054608273,70400.0
71400,70900,71900,71700,70520.0,70561.81818181818,18.59,3055401501,70460.0
71300,71300,72000,71500,70680.0,70690.90909090909,18.56,3055775808,70495.0
70700,70600,71600,71300,70780.0,70714.54545454546,18.41,3056810197,70515.0
70200,70200,71000,70700,70840.0,70641.81818181818,18.28,3058073050,70515.0
71200,70100,71400,70400,70960.0,70758.18181818182,18.54,3057107813,70555.0
74900,73000,75200,73300,71660.0,71529.09090909091,19.5,3057238483,70790.0
75300,74500,76000,76000,72460.0,72294.54545454546,19.6,3062955404,71000.0
74800,74100,76200,76000,73280.0,72881.81818181818,19.47,3067840236,71235.0
73700,73600,75100,75100,73980.0,73185.45454545454,19.19,3069324554,71385.0
72300,72000,74100,73500,74200.0,73165.45454545454,18.82,3068971254,71510.0
72300,71400,73000,71700,73680.0,73114.54545454546,18.82,3067813632,71630.0
71300,70500,73900,73200,72880.0,72865.45454545454,18.56,3067319467,71620.0
74400,71600,74800,72000,72800.0,73180.0,19.37,3068920019,71820.0
75800,73800,75800,73900,73220.0,73681.81818181818,19.73,3074418410,72080.0
75600,74100,76000,75600,73880.0,74045.45454545454,19.68,3080746334,72350.0
76300,74900,76700,75100,74680.0,74456.36363636363,19.86,3080115934,72635.0
77400,75600,77700,76100,75900.0,75041.81818181818,20.15,3082624125,72980.0
77400,77100,78600,78300,76500.0,75589.09090909091,20.15,3086841083,73340.0
78200,77000,78200,77400,76980.0,76234.54545454546,20.36,3087544462,73755.0
76900,76800,77600,77400,77240.0,76561.81818181818,20.02,3090313315,74070.0
76800,76500,78300,77200,77340.0,76787.27272727272,19.99,3089584636,74340.0
77000,76200,77200,76500,77260.0,76967.27272727272,20.05,3089433335,74625.0
77600,76300,77600,76400,77300.0,77152.72727272728,20.2,3090439244,74970.0
77800,77400,78500,78500,77220.0,77316.36363636363,20.26,3091535191,75350.0
78000,76800,78000,76800,77440.0,77480.0,20.31,3091429414,75690.0
77100,76800,77800,77600,77500.0,77436.36363636363,20.07,3093663631,75800.0
78100,77500,78300,77900,77720.0,77560.0,20.33,3093679484,75940.0
79400,78800,79400,78900,78080.0,77907.27272727272,20.67,3092965809,76170.0
79900,79300,80000,79800,78500.0,78309.09090909091,20.8,3097680262,76480.0
80500,80200,80800,80200,79000.0,78789.09090909091,20.96,3098069341,76890.0
80200,79800,80600,80600,79620.0,79149.09090909091,20.88,3097931384,77285.0
80300,79700,80400,80200,80060.0,79465.45454545454,20.91,3096948541,77735.0
78800,78500,80200,80200,79940.0,79449.09090909091,20.52,3097454661,77955.0
78300,78100,79500,78900,79620.0,79320.0,20.39,3098662986,78080.0
78600,78200,79800,79400,79240.0,79236.36363636363,20.46,3099478430,78230.0
78700,78300,79200,78800,78940.0,79160.0,20.49,3102550526,78350.0
77400,76400,79000,78800,78360.0,78818.18181818182,20.15,3103048671,78350.0
76900,76600,77600,76700,77980.0,78398.18181818182,20.02,3103895896,78325.0
78300,77400,78400,78100,77980.0,78278.18181818182,20.39,3106253145,78330.0
78000,77100,78100,78100,77860.0,78132.72727272728,20.31,3111061474,78385.0
78900,78000,79000,78400,77900.0,78196.36363636363,20.54,3113132717,78490.0
78900,78600,79600,79500,78200.0,78283.63636363637,20.54,3116356289,78585.0
77900,77900,79300,79300,78400.0,78214.54545454546,20.28,3115915421,78600.0
77300,77100,78100,77700,78200.0,78052.72727272728,20.12,3116075243,78575.0
77500,76900,77800,77600,78100.0,77945.45454545454,20.18,3117552257,78550.0
77000,76600,77800,77600,77720.0,77767.27272727272,20.05,3117959691,78545.0
76300,76100,76900,76500,77200.0,77492.72727272728,19.86,3118023630,78455.0
76500,75900,76700,76200,76920.0,77274.54545454546,19.92,3118392997,78310.0
75600,74700,75800,75800,76580.0,76900.0,19.68,3117795313,78095.0
75100,74700,75800,75400,76100.0,76483.63636363637,19.55,3117247105,77825.0
74000,73200,75000,74800,75500.0,75920.0,19.27,3116047012,77515.0
73300,73100,74400,73900,74900.0,75318.18181818182,19.08,3114698940,77165.0
71300,71300,74000,73800,73860.0,74454.54545454546,18.56,3114044092,76790.0
73300,71200,73700,71300,73400.0,74074.54545454546,19.08,3112838107,76540.0
73300,73300,74900,74900,73040.0,73767.27272727272,19.08,3111153714,76275.0
74000,73400,74600,74300,73040.0,73663.63636363637,19.27,3109572363,76040.0
73000,72400,73600,73500,72980.0,73432.72727272728,19.01,3109609756,75820.0
73500,73000,74200,73800,73420.0,73352.72727272728,19.14,3110031872,75650.0
74700,74000,74700,74300,73700.0,73545.45454545454,19.45,3111102662,75470.0
75400,74700,75800,75600,74120.0,73881.81818181818,19.63,3112900044,75340.0
74900,74600,75500,75000,74300.0,74121.81818181818,19.5,3115543854,75140.0
73700,73100,74500,74400,74440.0,74127.27272727272,19.19,3117353123,74880.0
73700,73100,74200,74100,74480.0,74125.45454545454,19.19,3116292643,74670.0
74800,74200,74900,74600,74500.0,74280.0,19.47,3116067143,74545.0
75000,74500,75600,75000,74420.0,74443.63636363637,19.53,3116571603,74420.0
74300,73700,74800,74600,74300.0,74449.09090909091,19.34,3118576239,74285.0
74200,72600,74300,73200,74400.0,74430.90909090909,19.32,3117727291,74180.0
73400,72800,73400,73000,74340.0,74245.45454545454,19.11,3117625028,74025.0
73000,72800,73800,73800,73980.0,73989.09090909091,19.01,3117822707,73895.0
71500,71300,72300,72300,73280.0,73490.90909090909,18.61,3117740151,73715.0
71900,71900,72600,72100,72800.0,73136.36363636363,18.72,3115355464,73610.0
72100,71000,72100,71100,72380.0,72872.72727272728,18.77,3113269708,73550.0
71700,71500,72400,72300,72040.0,72565.45454545454,18.67,3110841967,73570.0
72900,72200,73100,72300,72020.0,72512.72727272728,18.98,3110034648,73550.0
71500,71200,72700,72700,72020.0,72240.0,18.61,3110344369,73460.0
70100,69900,70600,70000,71660.0,71776.36363636363,18.25,3107060417,73265.0
69500,68700,70000,68800,71140.0,71280.0,18.09,3102408223,73090.0
71200,70500,71200,70800,71040.0,71178.18181818182,18.54,3099620605,72975.0
70000,69700,70700,70500,70460.0,70898.18181818182,18.22,3097577483,72740.0
70200,69600,70200,70000,70200.0,70709.09090909091,18.28,3093568319,72480.0
69500,69500,70100,69800,70080.0,70416.36363636363,18.09,3094484038,72210.0
70400,69700,70500,70200,70260.0,70330.90909090909,18.33,3092555334,72045.0
71200,70900,71800,71200,70260.0,70421.81818181818,18.54,3091452092,71920.0
70700,70200,70900,70600,70400.0,70430.90909090909,18.41,3091552597,71715.0
69900,69900,71000,70900,70340.0,70334.54545454546,18.2,3091699762,71460.0
70300,69900,70500,69900,70500.0,70340.0,18.3,3089271501,71260.0
70500,70300,71200,70600,70520.0,70378.18181818182,18.35,3089354161,71075.0
69800,69600,70300,69600,70240.0,70270.90909090909,18.17,3088812825,70895.0
69800,69600,70200,70100,70060.0,70189.09090909091,18.17,3102609703,70735.0
69700,69200,69900,69500,70020.0,70092.72727272728,18.15,3098667379,70645.0
70200,69800,70300,70000,70000.0,70096.36363636363,18.28,3094548397,70560.0
69900,69800,70500,70300,69880.0,70032.72727272728,18.2,3091884171,70450.0
69600,69600,70200,69900,69840.0,69923.63636363637,18.12,3089790039,70345.0
69100,69000,69500,69500,69700.0,69752.72727272728,17.99,3084994797,70155.0
69300,68600,69300,68900,69620.0,69647.27272727272,18.04,3082137564,70045.0
69200,69100,69600,69400,69420.0,69534.54545454546,18.02,3081006161,70000.0
68500,68500,68800,68600,69140.0,69314.54545454546,17.83,3081232660,69950.0
68000,68000,68500,68500,68820.0,69040.0,17.7,3075816897,69790.0
67800,67700,68300,68100,68560.0,68761.81818181818,17.65,3070934667,69680.0
67900,67400,68100,67800,68280.0,68538.18181818182,17.68,3066657575,69565.0
67000,67000,67700,67600,67840.0,68183.63636363637,17.44,3065148043,69440.0
68700,67200,69000,67300,67880.0,68196.36363636363,17.89,3062235805,69355.0
67500,67500,68700,68700,67780.0,68012.72727272728,17.57,3062361353,69170.0
66600,66500,67300,67200,67540.0,67703.63636363637,17.34,3059796940,68965.0
66700,66100,67100,66500,67300.0,67458.18181818182,17.37,3057315064,68805.0
67300,67000,68000,67100,67360.0,67369.09090909091,17.52,3055918638,68655.0
67400,66500,67400,67000,67100.0,67332.72727272728,17.55,3054836528,68500.0
67700,67500,68300,67600,67140.0,67370.90909090909,17.63,3052739125,68395.0
67000,66700,67300,67200,67220.0,67287.27272727272,17.44,3052732371,68255.0
66300,66300,66700,66500,67140.0,67090.90909090909,17.26,3052203489,68085.0
66100,66100,66700,66400,66900.0,66887.27272727272,17.21,3049261871,67880.0
65000,64900,65500,65400,66420.0,66500.0,16.92,3045105055,67635.0
64800,64500,65500,65400,65840.0,66143.63636363637,16.87,3040658556,67395.0
67400,65000,67600,65100,65920.0,66309.09090909091,17.55,3037059382,67310.0
67300,66500,67600,66600,66120.0,66441.81818181818,11.65,3038436890,67210.0
67500,67300,68400,67400,66400.0,66600.0,11.68,3037644971,67125.0
67900,67500,68400,68000,66980.0,66827.27272727272,11.75,3038107622,67095.0
66500,66500,67100,67000,67320.0,66790.90909090909,11.51,3037899793,67020.0
66100,66100,66900,66300,67060.0,66703.63636363637,11.44,3033670013,66935.0
65700,65300,66300,65900,66740.0,66560.0,11.37,3033311477,66825.0
65700,65200,66300,65500,66380.0,66427.27272727272,11.37,3031704540,66760.0
64900,64900,65500,65200,65780.0,66156.36363636363,11.23,3031551829,66570.0
66500,65200,66700,65300,65780.0,66178.18181818182,11.51,3029850742,66520.0
66300,66100,67400,67100,65820.0,66132.72727272728,11.48,3028851086,66505.0
67600,66600,67900,66600,66200.0,66343.63636363637,11.7,3029374506,66550.0
68100,67600,68700,68300,66680.0,66640.0,11.79,3029334692,66590.0
67500,66500,67600,66500,67200.0,66816.36363636363,11.68,3030803509,66595.0
68000,67700,68400,67800,67500.0,67090.90909090909,11.77,3030794918,66610.0
67900,67600,68800,68800,67820.0,67320.0,11.75,3029459950,66655.0
66500,66500,67700,67500,67600.0,67261.81818181818,11.51,3028809560,66665.0
66400,65900,67100,66700,67260.0,67170.90909090909,11.49,3026167934,66680.0
65900,65500,67200,66300,66940.0,66976.36363636363,11.41,3023795143,66725.0
66500,66200,66900,66700,66640.0,66872.72727272728,11.51,3022334918,66810.0
67700,66900,67800,67500,66600.0,66987.27272727272,11.72,3020994714,66825.0
67400,66700,67500,67500,66780.0,67021.81818181818,11.67,3021796730,66830.0
66700,66400,67000,66600,66840.0,66932.72727272728,11.55,3021798337,66790.0
66800,66800,67300,67200,67020.0,66887.27272727272,11.56,3020673881,66735.0
65500,65400,66400,66200,66820.0,66618.18181818182,11.34,3020353584,66685.0
65300,65300,65700,65400,66340.0,66358.18181818182,11.3,3017182001,66645.0
65200,64500,65200,65100,65900.0,66127.27272727272,11.29,3014571709,66620.0
63800,63800,64400,64000,65320.0,65665.45454545454,11.04,3008277517,66525.0
62100,62100,62800,62400,64380.0,64941.81818181818,10.75,3000121771,66385.0
61900,61100,62200,61200,63660.0,64250.90909090909,10.71,2997095779,66155.0
60700,60200,61500,61300,62740.0,63425.454545454544,10.51,2996014845,65875.0
60900,60500,61800,61300,61880.0,62763.63636363636,10.54,2991621350,65540.0
59800,59400,59900,59400,61080.0,62020.0,10.35,2990557351,65125.0
58700,58100,59900,59800,60400.0,61201.81818181818,10.16,2982876700,64685.0
58500,58200,59200,58700,59720.0,60494.545454545456,10.13,2977796415,64210.0
57600,57600,59100,59000,59100.0,59750.90909090909,9.97,2973861743,63695.0
57400,56800,58000,57700,58400.0,59110.90909090909,9.94,2972579013,63240.0
58400,57700,59100,57900,58120.0,58794.545454545456,10.11,2968102430,62840.0
58800,58300,59900,59000,58140.0,58649.09090909091,10.18,2965488250,62485.0
59400,58700,59500,59200,58320.0,58672.72727272727,10.28,2966406767,62130.0
58000,58000,58800,58500,58400.0,58487.27272727273,10.04,2967012527,61645.0
57000,57000,57600,57200,58320.0,58169.09090909091,9.87,2966968058,61125.0
56200,55900,57500,56900,57880.0,57776.36363636364,9.73,2964072231,60600.0
57100,55700,57400,56100,57540.0,57612.72727272727,9.88,2960562578,60115.0
57200,57200,58200,57600,57100.0,57496.36363636364,9.9,2960027046,59700.0
56400,56400,57300,57300,56780.0,57258.181818181816,9.76,2958727791,59255.0
58200,56300,58700,56400,57020.0,57369.09090909091,10.07,2958082504,58905.0
58700,58200,59300,58600,57520.0,57556.36363636364,10.16,2960394809,58650.0
58800,58700,59600,59300,57860.0,57756.36363636364,10.18,2961743614,58485.0
58100,58100,58700,58600,58040.0,57829.09090909091,10.06,2963440495,58295.0
58000,58000,58600,58300,58360.0,57907.27272727273,10.04,2963506674,58160.0
57500,57400,58200,57500,58220.0,57894.545454545456,9.95,2961623320,57990.0
60000,58100,60000,58400,58480.0,58327.27272727273,10.39,2964266122,58000.0
61900,60500,62000,60600,59100.0,59036.36363636364,10.71,2969543414,58160.0
60900,60200,61500,61400,59660.0,59476.36363636364,10.54,2973130459,58280.0
60500,60500,62100,61800,60160.0,59776.36363636364,10.47,2971873878,58425.0
61800,60700,61900,61100,61020.0,60238.181818181816,10.7,2968815782,58645.0
61300,61200,62200,61800,61280.0,60543.63636363636,10.61,2971604308,58790.0
61100,60800,61900,60900,61120.0,60765.454545454544,10.58,2972375415,58905.0
61700,60800,61900,60800,61280.0,61054.545454545456,10.68,2972099731,59020.0
61800,61200,61900,61300,61540.0,61296.36363636364,10.7,2972792162,59210.0
61900,61600,62600,62300,61560.0,61487.27272727273,10.71,2973391951,59455.0
61400,61300,62600,62400,61580.0,61507.27272727273,10.63,2975485738,59715.0
61300,60300,61700,61000,61620.0,61483.63636363636,10.61,2973939771,59925.0
61700,61000,61900,61200,61620.0,61543.63636363636,10.68,2974186694,60150.0
61300,61000,61600,61600,61520.0,61516.36363636364,10.61,2977990096,60395.0
61500,61200,61800,61700,61440.0,61510.90909090909,10.65,2977784376,60560.0
61500,61200,61900,61700,61460.0,61510.90909090909,10.65,2978612121,60700.0
60800,60600,61400,61400,61360.0,61380.0,10.52,2977991499,60800.0
60000,59600,60700,60600,61020.0,61109.09090909091,10.39,2977890657,60895.0
59100,58600,59200,58900,60580.0,60705.454545454544,10.23,2973957070,60950.0
59900,59300,60000,59600,60260.0,60496.36363636364,10.37,2970352957,61070.0
60200,59400,60700,59500,60000.0,60378.181818181816,10.42,2968412504,61080.0
61000,60300,61600,60500,60040.0,60427.27272727273,10.56,2968632480,61035.0
60400,60300,61200,61100,60120.0,60372.72727272727,10.46,2969458335,61010.0
61500,60000,61900,60300,60600.0,60541.81818181818,10.65,2968930408,61060.0
60900,60600,61600,61400,60800.0,60598.181818181816,10.54,2973522571,61015.0
60000,59800,60400,60300,60760.0,60501.81818181818,10.39,2973627030,60950.0
59100,59000,59600,59000,60380.0,60269.09090909091,10.23,2973455175,60850.0
59000,59000,59500,59200,60100.0,60049.09090909091,10.21,2972803760,60715.0
59700,59000,59700,59200,59740.0,59974.545454545456,10.33,2973086966,60610.0
60000,59900,60900,60300,59560.0,59943.63636363636,10.39,2973294725,60515.0
58600,58600,58900,58700,59280.0,59656.36363636364,10.14,2973418300,60375.0
58800,58300,59000,58700,59220.0,59434.545454545456,10.18,2972909661,60250.0
59700,58200,59900,58200,59360.0,59416.36363636364,10.33,2971425254,60150.0
58400,58300,58900,58700,59100.0,59174.545454545456,10.11,2974643754,60005.0
57500,57500,58600,58300,58600.0,58825.454545454544,9.95,2974218467,59805.0
57100,56800,57800,57400,58300.0,58465.454545454544,9.88,2970775551,59585.0
57100,56900,57600,57200,57960.0,58158.181818181816,9.88,2968024377,59400.0
56000,55900,56700,56700,57220.0,57687.27272727273,9.69,2967411152,59200.0
55600,55600,56400,56200,56660.0,57198.181818181816,9.62,2962475920,59025.0
58100,56800,58500,57000,56780.0,57238.181818181816,10.06,2956552587,58935.0
56800,56100,57200,56200,56720.0,57076.36363636364,9.83,2957674824,58765.0
56000,56000,57100,57000,56500.0,56801.81818181818,9.69,2957697174,58515.0
56200,55500,56400,55600,56540.0,56614.545454545456,9.73,2955038684,58305.0
56400,56000,57000,56300,56700.0,56527.27272727273,9.76,2954444957,58050.0
55800,55800,57000,56400,56240.0,56367.27272727273,9.66,2954064340,57795.0
55300,55000,55500,55400,55940.0,56147.27272727273,9.57,2950760762,57560.0
54400,54300,54700,54600,55620.0,55796.36363636364,9.42,2946955333,57325.0
54500,54200,54900,54400,55280.0,55512.72727272727,9.43,2944596606,57100.0
53900,53600,54200,53700,54780.0,55147.27272727273,9.33,2945888782,56810.0
54200,53500,54200,53800,54460.0,54867.27272727273,9.38,2943617219,56520.0
52900,52500,54400,53900,53980.0,54421.81818181818,9.16,2943593254,56235.0
52600,52600,53700,53300,53620.0,53992.72727272727,9.11,2940713860,55925.0
53100,51800,53600,52300,53340.0,53716.36363636364,9.19,2939724022,55595.0
55200,54500,55400,55300,53600.0,53878.181818181816,9.56,2941181170,55435.0
56000,55400,57200,56900,53960.0,54207.27272727273,9.69,2945767622,55360.0
56300,56300,57300,56700,54640.0,54587.27272727273,9.75,2949979581,55320.0
56200,55200,56900,55900,55360.0,54930.90909090909,9.73,2951334517,55275.0
55400,54000,55700,54400,55820.0,55096.36363636364,9.59,2952555506,55245.0
55800,55200,57000,55700,55940.0,55318.181818181816,9.66,2952967944,55255.0
55200,55200,56100,55400,55780.0,55396.36363636364,9.56,2955388868,55110.0
56300,55800,56500,56200,55780.0,55656.36363636364,9.75,2955641762,55085.0
56600,55700,57000,55800,55860.0,55909.09090909091,9.8,2955958687,55115.0
56500,55800,57100,56700,56080.0,56070.90909090909,9.78,2957233283,55130.0
55800,55700,56900,56700,56080.0,56043.63636363636,9.66,2959880718,55100.0
55500,55100,56000,55200,56140.0,55950.90909090909,9.61,2958575087,55085.0
55900,55100,56300,55100,56060.0,55940.0,9.68,2960179870,55115.0
57500,56700,57500,57000,56240.0,56227.27272727273,9.95,2959527410,55270.0
57700,57000,58600,57000,56480.0,56527.27272727273,9.99,2963580143,55430.0
59400,57700,59600,58000,57200.0,57094.545454545456,10.28,2964563086,55705.0
59500,58900,60100,59700,58000.0,57614.545454545456,10.3,2970280340,55970.0
57300,57200,59200,58900,58280.0,57656.36363636364,9.92,2970251911,56190.0
59400,58000,59900,58100,58660.0,58061.81818181818,10.28,2969111795,56530.0
60000,59500,60300,59900,59120.0,58525.454545454544,10.39,2973205848,56875.0
59600,59300,60000,59700,59160.0,58852.72727272727,10.32,2973988488,57095.0
59200,58100,59800,58600,59100.0,59038.181818181816,10.25,2975526943,57255.0
59400,58400,59500,59100,59520.0,59192.72727272727,10.28,2976921806,57410.0
60200,59400,60300,59700,59680.0,59429.09090909091,10.42,2975313782,57610.0
61800,60500,61900,60500,60040.0,59907.27272727273,10.7,2976678983,57930.0
62000,61300,62200,62000,60520.0,60347.27272727273,10.73,2979876917,58240.0
60400,60400,61500,61400,60760.0,60449.09090909091,10.46,2980976424,58500.0
62900,62300,63200,63100,61460.0,60989.09090909091,10.89,2977418352,58830.0
61900,61700,62900,62900,61800.0,61245.454545454544,10.71,2980121987,59095.0
62400,61600,62500,62200,61920.0,61547.27272727273,10.8,2980267822,59390.0
62700,61700,62700,62400,62060.0,61860.0,10.85,2980905373,59735.0
61400,61300,62000,62000,62260.0,61880.0,10.63,2981387139,60030.0
61800,61400,62400,61800,62040.0,61932.72727272727,10.7,2978984149,60325.0
61400,60800,61800,61400,61940.0,61869.09090909091,10.63,2979858052,60520.0
60600,60300,61200,60900,61580.0,61638.181818181816,10.49,2979072715,60665.0
61000,60700,61300,61200,61240.0,61501.81818181818,10.56,2978807506,60745.0
61400,60900,61700,61200,61240.0,61456.36363636364,10.63,2979086900,60840.0
61000,60800,61700,61400,61080.0,61320.0,10.56,2979300974,61025.0
60100,59800,60500,60500,60820.0,61054.545454545456,10.4,2978862408,61060.0
60600,59800,60600,59900,60820.0,60912.72727272727,10.49,2980114799,61090.0
62200,60200,62200,60400,61060.0,61094.545454545456,10.77,2980158310,61220.0
62600,62300,63200,63100,61300.0,61358.181818181816,10.84,2985680848,61390.0
60400,60400,62500,62500,61180.0,61200.0,10.46,2988724193,61440.0
60300,60000,61100,60900,61220.0,61049.09090909091,10.44,2986880659,61445.0
59200,59200,60100,59800,60940.0,60718.181818181816,10.25,2984654935,61315.0
58900,58500,59600,58800,60280.0,60358.181818181816,10.2,2981696169,61160.0
59200,58600,59200,58700,59600.0,60090.90909090909,10.25,2980779688,61100.0
60400,59300,60600,59300,59600.0,60081.81818181818,10.46,2980406091,60975.0
59500,59400,60000,59900,59440.0,59920.0,10.3,2980990765,60855.0
59700,59400,60300,59600,59540.0,59805.454545454544,10.33,2980543814,60720.0
60500,59800,60600,59800,59860.0,59852.72727272727,10.47,2981218354,60610.0
59300,59300,60200,59800,59880.0,59712.72727272727,10.26,2982290225,60505.0
59500,58300,59500,58300,59700.0,59669.09090909091,10.3,2982263753,60390.0
59500,59100,59900,59500,59700.0,59641.81818181818,10.3,2984491050,60295.0
58600,58500,59100,59000,59480.0,59465.454545454544,10.14,2983446095,60195.0
58000,58000,59100,58700,58980.0,59190.90909090909,10.04,2981767754,60045.0
59100,58100,59100,58100,58940.0,59132.72727272727,10.23,2979216295,59930.0
58100,57700,58400,58200,58660.0,58894.545454545456,10.06,2978142067,59785.0
57900,57700,58100,58000,58340.0,58661.81818181818,10.02,2972400331,59675.0
58100,57900,58400,58000,58240.0,58494.545454545456,10.06,2971666287,59550.0
56600,56400,57600,57600,57960.0,58083.63636363636,9.8,2970088904,59270.0
55300,55300,56200,56000,57200.0,57507.27272727273,9.57,2966676475,58905.0
55500,55200,56100,55500,56680.0,57040.0,9.61,2965339762,58660.0
55400,54500,56000,55400,56180.0,56627.27272727273,9.59,2964905145,58415.0
57800,55600,58000,55700,56120.0,56725.454545454544,10.01,2970400648,58345.0
58200,57600,58800,58200,56440.0,56910.90909090909,10.07,2974040575,58310.0
59000,57900,59400,58300,57180.0,57238.181818181816,10.21,2977126583,58300.0
60700,59600,60700,59700,58220.0,57876.36363636364,10.51,2979701881,58315.0
60400,59900,61100,60200,59220.0,58412.72727272727,10.46,2983322381,58360.0
60500,60300,61200,61000,59760.0,58921.81818181818,10.47,2983523234,58400.0
60500,59900,61200,61100,60220.0,59387.27272727273,10.47,2984487393,58400.0
60800,60400,61200,60500,60580.0,59836.36363636364,10.52,2985958859,58475.0
61100,60800,61600,61300,60660.0,60240.0,10.58,2987332055,58555.0
61000,60600,61500,61200,60780.0,60523.63636363636,10.56,2988383164,58630.0
60400,59900,61000,60700,60760.0,60596.36363636364,10.46,2989308003,58720.0
61500,60400,61500,60500,60960.0,60821.81818181818,10.65,2990511026,58895.0
61800,61100,62300,62100,61160.0,61041.81818181818,10.7,2993784109,59030.0
63400,63000,63700,63500,61620.0,61501.81818181818,10.97,2995009859,59295.0
63900,63300,63900,63800,62200.0,62003.63636363636,11.06,3001579071,59595.0
64600,63900,65000,64400,63040.0,62569.09090909091,11.18,3005053104,59920.0
63300,63100,64900,64900,63400.0,62823.63636363636,10.96,3010762862,60255.0
61000,61000,63700,63500,63240.0,62609.09090909091,10.56,3012326910,60540.0
61800,61000,62700,62600,62920.0,62536.36363636364,10.7,3005520203,60855.0
63500,62600,63900,63200,62840.0,62760.0,10.99,3005826373,61260.0
63800,63000,64000,63900,62680.0,62992.72727272727,11.04,3011043701,61560.0
61600,61600,63000,62800,62340.0,62763.63636363636,10.66,3014053481,61730.0
61900,61600,62500,61900,62520.0,62587.27272727273,10.71,3011898262,61875.0
63100,62400,63300,62800,62780.0,62627.27272727273,10.92,3012802298,61995.0
63000,62300,63300,63000,62680.0,62654.545454545456,10.91,3015974361,62125.0
62800,62400,63000,62600,62480.0,62661.81818181818,10.87,3017760979,62240.0
62900,62300,63000,62900,62740.0,62720.0,10.89,3020219612,62360.0
63200,63200,63900,63600,63000.0,62840.0,10.94,3022797691,62480.0
62200,62000,63900,63900,62820.0,62738.181818181816,10.77,3023151882,62535.0
63700,62400,63700,62500,62960.0,62901.81818181818,11.03,3023518492,62670.0
62600,62400,63300,62900,62920.0,62861.81818181818,10.84,3025320065,62780.0
62700,61800,63000,62900,62880.0,62861.81818181818,10.85,3026182851,62840.0
62100,62000,62800,62700,62660.0,62732.72727272727,10.75,3025821940,62855.0
61100,61000,61800,61500,62440.0,62418.181818181816,10.58,3025568688,62740.0
62000,61500,62500,61700,62100.0,62303.63636363636,10.73,3026291640,62645.0
61300,61300,62600,62300,61840.0,62080.0,10.61,3026922180,62480.0
60500,60200,60800,60800,61400.0,61738.181818181816,10.47,3026673423,62340.0
60600,60500,61400,60800,61100.0,61458.181818181816,10.49,3026210335,62320.0
60800,60500,61800,60900,61040.0,61261.81818181818,10.52,3025304438,62270.0
60500,60500,61200,61000,60740.0,61036.36363636364,10.47,3028440362,62120.0
61500,60800,61600,61100,60780.0,61050.90909090909,10.65,3026692932,62005.0
60700,60700,61400,61400,60820.0,60940.0,10.51,3028003920,61960.0
60300,59900,60500,60100,60760.0,60792.72727272727,10.44,3027159704,61880.0
60100,59900,60800,60500,60620.0,60641.81818181818,10.4,3028979700,61730.0
59500,59100,59700,59500,60420.0,60400.0,10.3,3025292658,61555.0
60000,59300,60200,59900,60120.0,60294.545454545456,10.39,3024992666,61415.0
59000,59000,59500,59400,59780.0,60030.90909090909,10.21,3026204650,61220.0
59800,59600,60300,60000,59680.0,59940.0,10.35,3024837845,61050.0
59900,59100,60200,59200,59640.0,59881.81818181818,10.37,3025958110,60935.0
61300,60600,61300,60800,60000.0,60094.545454545456,10.61,3027317381,60815.0
60200,60200,61200,61100,60040.0,60092.72727272727,10.42,3029991631,60695.0
60300,60100,60700,60500,60300.0,60132.72727272727,10.44,3028104808,60575.0
61100,60500,61200,61000,60560.0,60325.454545454544,10.58,3028614032,60525.0
62300,60600,62300,60600,61040.0,60721.81818181818,10.78,3030156153,60585.0
63000,62300,63300,62700,61380.0,61205.454545454544,10.91,3033717796,60635.0
62100,62000,62800,62600,61760.0,61461.81818181818,10.75,3040249034,60675.0
62900,62100,62900,62400,62280.0,61825.454545454544,10.89,3040001094,60795.0
62700,62200,62700,62500,62600.0,62081.81818181818,10.85,3040243186,60900.0
63200,63100,63700,63700,62780.0,62376.36363636364,10.94,3036800280,61020.0
64000,63700,64000,64000,62980.0,62756.36363636364,11.08,3036413170,61195.0
